portal_key,portal_season,player_id,portal_position,model_position_group,exclusion_reason
82f23445cef291bfa87d80b099ac6176d7c04a4c81223ac50501eca65e0b5c0d,2026,5089367,IOL,OL,unsupported_position_target
ae4f8038fcd66319740f20a3efbd242dc5e44d34a57d767e2194288d7ea9a08e,2026,5394406,IOL,OL,unsupported_position_target
34a032e059592a936108b166b9d8c66b198ca71c546b0c0e23b5cd91721a5c93,2026,5295446,IOL,OL,unsupported_position_target
025c5fd4dd9bf9260d036149d45a1fc48382c152943e3d735787853c3a9c5646,2026,4845333,OT,OL,unsupported_position_target
4edf7abd653d3e31b8c3aacf4432a7c17a7141afa69f6e9b1a6f0fc16e259b84,2026,4921275,IOL,OL,unsupported_position_target
21a5fa799df8bae12607995a2dca6157f53443152283a68c023eb478f0f5567e,2026,5225506,IOL,OL,unsupported_position_target
707b166436a1b7c0115ca4559855ba2692d731d6a7dad9f308d9dc5eff5e8e36,2026,5160456,P,P,insufficient_locked_v2_validation_evidence
195163644a6770ca97eae8ffed5149ef48a1e35e132c8f30d8d717c51e632180,2026,5143924,OT,OL,unsupported_position_target
23176c0429a78157b4b7740f3d799f3d251814b27a0f011ad2344be85c117026,2026,5126576,OT,OL,unsupported_position_target
804726254a80230542da8efc9c6cfe5ffc0a3f95e6c0533f8d9d25384900cc4b,2026,5221583,OT,OL,unsupported_position_target
a1f3c368c93f6bba52cdb4741292380d228d37955ea4d23ae0f58a6f246d7c4d,2026,5193556,OT,OL,unsupported_position_target
d92f3d97bb079f356c20eadfb4aaf371c81d4fd5090022b34636afacf5692684,2026,5121772,LS,LS,unsupported_position_target
872eb1a17ce73c4e7d60373ba1321ca08e4ad411f74234b3bbaa47383a95c5b1,2026,5227412,OT,OL,unsupported_position_target
9e934c2675d6f52f92149d1622748a947b5ea3a1ab4796d4a78f24b851bd384b,2026,5083885,OT,OL,unsupported_position_target
95f99cfbc6843a73561b064cbcf1761d780ef329a1f0af5e1e0444f7120d772f,2026,5218804,OT,OL,unsupported_position_target
0e4ba8ab77b9477e6d22d97927f03f2e530334b3b6d4cbe78956177c4037370f,2026,5219235,P,P,insufficient_locked_v2_validation_evidence
7d567a00379ddfa6e0e0367f1701f74c92791127184980b954c416570361f0ed,2026,5294651,P,P,insufficient_locked_v2_validation_evidence
82664a4a7a486289adb63437c105b1bfe93248084761f7cf19b9319a2ca90516,2026,5300721,P,P,insufficient_locked_v2_validation_evidence
24af112e6bc40ef8ab04e814efdd789466e839a668659b8ad249230edcc74303,2026,5225293,OT,OL,unsupported_position_target
cd154c53c3649d61f2bc78025ce737182f845fc5679cc147f4389decfaddec21,2026,5079682,OT,OL,unsupported_position_target
22037be91dbc501ffc05143df23a9f636551d6fb55aeeb1743c9ddd5881d900f,2026,4702579,OT,OL,unsupported_position_target
cb6f4e15ca618d5479450e375f23a7cde7df3550d671e6ac597e952e5cab8b79,2026,4900024,IOL,OL,unsupported_position_target
0825a4681a983adbddda5b61139f7720a04008c11b924bea70d4f9628f6fde9e,2026,4870233,IOL,OL,unsupported_position_target
5b71e989e0a9835d7ecb2a3f59cf9c4dab720e684c5556c6a42dfdca86eea8d5,2026,5140190,OT,OL,unsupported_position_target
17ef5fbfc031262b041cf3a0cba13803d938c3cab5b8cf0e605a0c46a039fc21,2026,5092256,OT,OL,unsupported_position_target
f53881bb41f90a75d099d1c133329286293b0411f6b920ea6c628de44fb6ddb2,2026,5211193,OT,OL,unsupported_position_target
6242c113aed39d1d1750df885578d8a6c896dbcd935e4a531af6823be22050e0,2026,5220031,P,P,insufficient_locked_v2_validation_evidence
9809bde6d2739e0202bb2924eeba89e4433654fbbfd16733581a22cc492f4c57,2026,5146302,OT,OL,unsupported_position_target
3f7c78963ed9372760deda7c504783d67dc2f73a6d2be5dfdeec1e8928a6aff2,2026,5294075,OT,OL,unsupported_position_target
f5547c0616dd6ff36738eff5129b1617eb1a517712f4969415c4462fc40d6353,2026,5146788,IOL,OL,unsupported_position_target
d97ce16e18185d7a2a31c37bba14e5e1bb8391b425b9db7d385d03f1170357d5,2026,5295184,OT,OL,unsupported_position_target
dfa4356c99768cd8894584e5b15484a62caef007feeb4985a8913872a3708f77,2026,5381374,P,P,insufficient_locked_v2_validation_evidence
9a4a9d4bf7385b38db60471b098a35a8b3413eabd57e56fcd979011d8dd703ff,2026,5092250,LS,LS,unsupported_position_target
7521d19f5cba194b7229e3c61c390afeaa14846dd3342b41864dda5e3b417249,2026,5078054,OT,OL,unsupported_position_target
86abd643cda233f77978dc3ca608314b12f8c5fc966b8f151ccdb1582271f1dd,2026,5164655,OT,OL,unsupported_position_target
38bc9e82d473b35d2e9d6669d2b78228ba8f2609953d12295c8c85a1cf7f5a9b,2026,5083066,IOL,OL,unsupported_position_target
d651f82523e06442ae585e8fc86ec8cf10f1d94178218d2b470ff02c8a1397c8,2026,5092234,LS,LS,unsupported_position_target
609f78622e7aff67aae377b1ca750703e68b8de2b3cd5ad78b2e1f4475b03e6a,2026,5120868,OT,OL,unsupported_position_target
e1b86205cbfd45c152b0324af26d13720f107db9d3475c95794c09d566432ac0,2026,5110463,IOL,OL,unsupported_position_target
a8a3c538a40730e12097d39ece6047483886530410d0822cb5f86ada037531cc,2026,5153258,P,P,insufficient_locked_v2_validation_evidence
7540ea518053a4d60f39c97754249742e5d7b7b6c2e813e53177a062a35ff394,2026,5172403,P,P,insufficient_locked_v2_validation_evidence
888229a36aeb414a2406b1d6556426af1e15288f9b539ad524e414ba7df4f1ac,2026,5265433,OT,OL,unsupported_position_target
d0d5c6978c3d4d1398657c4bfb8b9ea93e99b1d0429348e30452d044c59f7749,2026,5150633,OT,OL,unsupported_position_target
8d20ddca7359114f463cedf40e4fa5ffe34dc4a0a2d6a56413383d236646f063,2026,5077811,OT,OL,unsupported_position_target
0c2c2c278f04f557febc6227abb6b66c3f338ed7117c18272a841550b96154aa,2026,5303188,P,P,insufficient_locked_v2_validation_evidence
51223164a8e0694ceeee1415e74d4ce946496e287c6dbb50bf132b6c3f1f03f1,2026,5258294,IOL,OL,unsupported_position_target
7286ceaa74296e3c087ed6cac05a6f0c7a5c7f4e3267ece2525ac3c5ab602ce2,2026,5220804,P,P,insufficient_locked_v2_validation_evidence
ddda7cc30341ae2047c591a1768c51ae7c0241bca2dfe784063a9ba4aced404e,2026,5219175,LS,LS,unsupported_position_target
98452b5c4892d50113cabdf744943e4cbe1988662ebd35eaf55f455029bd2f0d,2026,5169050,LS,LS,unsupported_position_target
30cf4dad55fa3ed87395a2e0c7d533882705c7f42a65879d520568c3a408a538,2026,5093880,OT,OL,unsupported_position_target
474121d99b18a222bcf627a7cb51e49b6615d7e110a86e9e3f3b0d8c038252d3,2026,5120838,IOL,OL,unsupported_position_target
3340caf84dbce2bbf728e9978d052244ddbf9e6fb3ab0e0f5c858f14954eac25,2026,5082199,IOL,OL,unsupported_position_target
16abd6351957a470348dacec904cc099f079b0b009ce57ef5bd5f1b7594dcb23,2026,4911915,OT,OL,unsupported_position_target
30526295ae61117bc7e9d7751d9496d1b2330257c35851f051434015fd310080,2026,5092397,IOL,OL,unsupported_position_target
0cfacdb57636263992fd72d486f36d5e1ccbbe3a01a188b2f72aa282252733a6,2026,5224518,IOL,OL,unsupported_position_target
cd917957167c5177079e2fd2591af4f18ca5ffaccdfbae823aa41f8ef6ed5e3b,2026,5192953,P,P,insufficient_locked_v2_validation_evidence
e46e094169a832f2bbd6918f76b01d4b35185e2dc804bcc23309ac0bc7105c65,2026,4794106,IOL,OL,unsupported_position_target
63a4c15af2b2a70cb2da35f2a49e2cee48af84eb8a785258fb6891d7bca44b09,2026,5171684,IOL,OL,unsupported_position_target
0906c99756f0a0197eacc2461767a073d62ae3f06bff580d48606a5c9a3328bf,2026,5224346,OT,OL,unsupported_position_target
7bdc3990990dcf367bc9032fdfb18109d79d8504a4e6287c4b82370dc3b95674,2026,4757958,OT,OL,unsupported_position_target
6f489eedb07c05714b88642177aab530d0781f9e1550f9aa33f52763992aee7b,2026,5151012,OT,OL,unsupported_position_target
fbb8424759d3d90e607bb2f6efb82c47303da3735f4fbf1562379cebea7b434c,2026,5083860,LS,LS,unsupported_position_target
58f676e9d129d3218b0cc3a02b67ae8770ed5d1915faf0ac022974e61074bf15,2026,5079747,OT,OL,unsupported_position_target
5bc81422bd24f798da553cf6bcfd7e7963ef584bdf38f6c433578c0e80338e46,2026,5146797,OT,OL,unsupported_position_target
e8f0285738e99b5c0c53914981cf3c8109712f2ec6ed84b71ae1e0f866bcbcac,2026,4432763,IOL,OL,unsupported_position_target
393000fc872f2fc6114844f9e05227ed7a731da0d9fa258654910ae493114c6b,2026,5225471,IOL,OL,unsupported_position_target
8c9998b616ce2e6f08f5437009f5016722441da9f84f7037364c4ca3bd69e19c,2026,5084597,IOL,OL,unsupported_position_target
9cbedfd85648afd2b90bb6d7c203c17b7a02820c4ddfbfcc83ed9b99af110038,2026,5156209,IOL,OL,unsupported_position_target
3300720507e004c14b537b28b18bb21b03e82e70510072a60fd3b100f073766e,2026,5201108,OT,OL,unsupported_position_target
27ab768a9cedb1e25eacf9664f3d2b9562d9f83c6003c0757a41d6ed91fc766e,2026,5153512,IOL,OL,unsupported_position_target
10eff2645c249b20bd3702742506a85781148df1e3df3f2c955b0240b8dca9f8,2026,5121994,OT,OL,unsupported_position_target
91f1a4d1d32165e1d93ce3d82398fab41f654b4040e1648dd645333fea264e7d,2026,5164658,OT,OL,unsupported_position_target
40314e7d916d4f80daa12b46ecba66b592624533cf39043ffc6cb83796bf61b5,2026,5110445,IOL,OL,unsupported_position_target
6d14f5526fd1e20a9b5ccc8334e0c4d7ea503ade7111e7e3c0a10423d3f03ba2,2026,5126574,IOL,OL,unsupported_position_target
bd87672e73eb8b09b645165714d73252674552c7d527c87fbe2e57139a666f25,2026,5174185,P,P,insufficient_locked_v2_validation_evidence
d9cba939f84268aa7b326d52af2b3657462db854999543a608f379e0cfe51faa,2026,5304562,LS,LS,unsupported_position_target
27532d20dc4434b5fdba61b9b58737fb0a16bae4a58fa79226999b62744008ea,2026,4869250,OT,OL,unsupported_position_target
314b2dda3b6d57b49aa73d865b88cf541e39960cb2d59f545d869fe3b5525cf1,2026,4684008,OT,OL,unsupported_position_target
0a72be4a2ce704004f154fd86ef60b0ecbd3be8abd3fd2a4bad6865b6e558d4b,2026,5081795,IOL,OL,unsupported_position_target
c6e9f8b9caabe9eb8ac63da9e734c6657348ce9842548e23f78fa4103b018177,2026,5125075,IOL,OL,unsupported_position_target
7039c511cc1b4a1ecc2c09bef7a4c04a040782ad81bfe23a5467de5e1bfeeff9,2026,5186219,IOL,OL,unsupported_position_target
297b68e24bdcfa773c5793552b867193fe21a87f4671255e8bdef3153bfd4f97,2026,5225371,IOL,OL,unsupported_position_target
92e468ec736967d38c1e4ab725bbe398ae8e0a4e8617dbcbb070b22ad2dd79f6,2026,4921238,IOL,OL,unsupported_position_target
263d02e1ab990803fe462e94937ba6e819e40d1f2f307ed825c89f9da3cbc69a,2026,5147681,OT,OL,unsupported_position_target
256dde3a5c7207532722dd134d19cc075979d37c6b2120d977f7d824bc0c70cf,2026,5304024,IOL,OL,unsupported_position_target
a19586e2f77dfbd68cbad07514112270d0cc2d896efa11556178ca63986098bc,2026,5227411,IOL,OL,unsupported_position_target
48133f8bbf706a02ff91cf06318288d604355a96a87000b6fb2deca630ec5acc,2026,5225603,OT,OL,unsupported_position_target
0ab1f93bb30999e6c0c97712c1189d5d80395e51d91959426e26d313cf6cbe76,2026,5327437,OT,OL,unsupported_position_target
9356cb0dbe0fae2a3c7f7f5a39dc0850a568b589ae8d4aadc21fbe58eac7a38d,2026,4917058,IOL,OL,unsupported_position_target
5a5b02e9ab78c439f78a3c7d16b0bccbde8685775b9a7906920e94080b3191cb,2026,5148635,IOL,OL,unsupported_position_target
55e489dbc0b8a62ec23f6ed69edf19b465d62b3e132b4ef7557d294812c8be25,2026,4685338,IOL,OL,unsupported_position_target
d716ebbb45b748141d588ac4d92f4c9a1a8346fe52b0a96d8378e4806eec668b,2026,5141552,IOL,OL,unsupported_position_target
42f25c281d42f18a226e80de6dd93e830a40308c2d2199e1992cb13fdff02f61,2026,5079451,IOL,OL,unsupported_position_target
257a4770601feca18084f878fcae160808bc26ad4810dbbcbf7cb63b3ce0b20c,2026,5094030,OT,OL,unsupported_position_target
8a038e85c89210820c17914da9019e88dc25d1c4f89210d35ed73833e2d17262,2026,5205004,OT,OL,unsupported_position_target
d4f6f235def243affe2f2093ce7cde9f61d73773181b64e0b67350a777228067,2026,5154266,IOL,OL,unsupported_position_target
2362c2a9df3ccf12b690563d0af2564668921fad0f33ca2f223573f2e5d50cf2,2026,5192424,LS,LS,unsupported_position_target
8dc46e67aa484a8f2adadfa5666151f878f101ec6bd754b1fd69c7bc22aebdda,2026,4570736,OT,OL,unsupported_position_target
7e1ac531a2bcd24c1589e226519162f8141841e6556e8b41af68565984ca02d6,2026,5227260,OT,OL,unsupported_position_target
cd13c4bcce11b99b27c48b83a72911b7f1b0a6dacca86e5f6983fc0520dbb612,2026,5295977,IOL,OL,unsupported_position_target
6b465270d6050dedcef882d9e1105fa743becc97669df517663066e1ab233b12,2026,5334196,P,P,insufficient_locked_v2_validation_evidence
58c3183173d6e176254e9c9c0327c0fbf8f9f15bec3ad1751d1eb5a9e950f536,2026,5221039,OT,OL,unsupported_position_target
469d4262d9b361c9a5db0bff9edd5f635b5ca0c86f088bb46b2f69ed9b136031,2026,4870663,IOL,OL,unsupported_position_target
4795eed3007caf625eaf695108f85feefb20b076fa34a024a4d50c8e426a9ea9,2026,4921440,OT,OL,unsupported_position_target
22c7c1ded59101c044aa86070d5e6c2b3d9c5554b702b99f7d9f58f869f078ab,2026,5141545,OT,OL,unsupported_position_target
6fd7d6914f9f330fc0204b554657eb8bc6d02f949757f755389dffb3e7adf8c8,2026,4566116,OT,OL,unsupported_position_target
fd12376e749d505c4aea219121d5ddb3b75d391f48924e8025cfe0a4f06da177,2026,4921242,IOL,OL,unsupported_position_target
1a8dc5ac729f36892bda5ac5efaab14f26d36187ffbd9a49a7fc59f346d5203d,2026,5141380,IOL,OL,unsupported_position_target
170372bb89e5e75065294fdb6bfc8b016376f0ad83c3a96683289e7c1312c2f0,2026,5151553,OT,OL,unsupported_position_target
8749ec85a54ba5d789cb207bad36b0771cf32ababc7e6bd736e87185b3a2000a,2026,5085342,OT,OL,unsupported_position_target
6c0d8f54085b4ce8a53de4beaa3dbd22c968b04fc330d642aa354a15f33981c2,2026,5084229,OT,OL,unsupported_position_target
57913615c7a59f9fa77c787284cbe1bde76a121b5f046cfe3ffcb5e72b420c28,2026,4870899,OT,OL,unsupported_position_target
327c48820a549a806c193b8666800e25a1e8a146131be8f6941eefb5191b6ee8,2026,5369928,P,P,insufficient_locked_v2_validation_evidence
507fb315dcccd5be284e88b400087d1561d34cb518d65dd798ca1e9393bfdcc1,2026,5225894,IOL,OL,unsupported_position_target
3d2ad880d2c2d00c4ae4c59a71e24bb7942d8e42c204117c6931bd1f2d74076e,2026,5146863,IOL,OL,unsupported_position_target
cef4586d8dda15bbef9c065810e0dd1051706de63dcc73f7f29a3ad81c4e1ed5,2026,5110518,IOL,OL,unsupported_position_target
2a2781e16d6804f3eae69a9fcf89b9215aa05c86642396463115c45c31db04ae,2026,5146790,OT,OL,unsupported_position_target
22a2123f5a6d087b6a1b9e706461eeaa02e19fd7a89c0c53de986f9633b83c70,2026,5401941,IOL,OL,unsupported_position_target
113d040b812f44ab3d3b48768f1f7ec4a28f2eb495a7b4b5af660c2e9fa452e9,2026,4910848,IOL,OL,unsupported_position_target
16f506b8ec5cec3c31e3ce2154b3072461a477e681035d7309f5acd1574ee5f5,2026,4683812,OT,OL,unsupported_position_target
1e4d761d8f031ea2b9b41fcb670a880a0d827223a11db24e765278f7f8dac56c,2026,5152194,OT,OL,unsupported_position_target
7c047826b943c6d240bf130cdfe3d8f153aa13c61fe603389f95e23de5f61aba,2026,5394617,IOL,OL,unsupported_position_target
be140f69b23d196732b6f73fdf68e8bea8051ff0979998895671807a7a00e3c8,2026,5083576,OT,OL,unsupported_position_target
c25cf2f20a2236c2165cb1a68b3081c08494091a7bfda741e83b25317f241180,2026,5382868,OT,OL,unsupported_position_target
aec847757585211a61b1ed225baccf66fa94499778829521d4036af35d5a49b8,2026,5085033,IOL,OL,unsupported_position_target
a79bc35365702e43bb1c149e62c0a87866f452ebc73fc719493a0c99bac167b5,2026,4862220,P,P,insufficient_locked_v2_validation_evidence
64894408ffb90c1a1d9e913a899d60f3e169fa5000c5fef7feee30291e0349d3,2026,5389044,IOL,OL,unsupported_position_target
eb73f41eff17da4e24c9d814100dee2e350a423a432734d5aaad0025a0bbea01,2026,4899485,OT,OL,unsupported_position_target
daa4d5de45e95f63c78b34940f2c8cc04eb4988d714da95c5592a6cea14d0466,2026,5219267,LS,LS,unsupported_position_target
ea4f3e0b748b4cc9187ec4b8bce2b5d15ac1112e5fdb2bfd39186748be45d907,2026,5169058,OT,OL,unsupported_position_target
2c2a078469fbd54899a7849f3df9b5eec2e03ce3fdfe8f30386a619531d685dc,2026,5264909,LS,LS,unsupported_position_target
ee46dbb332913cc5b8bea6e725451b7127a7a59bef574dee970c203b051ae031,2026,5390018,LS,LS,unsupported_position_target
b9039ef31b16dbd7872dd8d79f49fbc64f9bf62bd63e11fd8ab4e7e0fdaf7c47,2026,4923054,OT,OL,unsupported_position_target
7df336b537e57d92f83e60f1f6d1f626782d15f439f906656d116d75e94997e4,2026,5168670,OT,OL,unsupported_position_target
b62434ddc3b25d80810d9a1e40f95ab51ddc8affff45494b703841780e614fae,2026,4682935,OT,OL,unsupported_position_target
1f7e50b9942cc29cd2ba26ffe269ebe2636df216aaf4482b47f262314d0450f3,2026,5150410,OT,OL,unsupported_position_target
a60cc97c2a54dee71eacaba2bb5cac1b38c0ce56a1bf2b9b1eac6f1db7903503,2026,5081357,OT,OL,unsupported_position_target
1bf30f9aed3dccef632106b8bc6a959ce96787e00047d7c8a620a13a38ebe94b,2026,5296141,P,P,insufficient_locked_v2_validation_evidence
7e2a9c59582fc3f4007a1a88c807f1a00baa04524fc8006ba56a877efaa37a72,2026,4690591,IOL,OL,unsupported_position_target
f80d462a60cfd3726497e66a5b2bf21c2cdc4028fbd7381f3358dc0fe3765bcc,2026,5394605,P,P,insufficient_locked_v2_validation_evidence
1105efb8bb46f3b2075a9cc8d089dfb44f32a4cad7f28aeafbe6e7b689f47d7c,2026,5081881,IOL,OL,unsupported_position_target
9520e9066d94f30f3087a35c24114a9cf99c92dc288146af37500a3f098ae278,2026,5145659,IOL,OL,unsupported_position_target
94c2466ac2b19a535ee5679322dfcc3c5a0f8ee4e5319192ae8bb4788703c793,2026,5258297,IOL,OL,unsupported_position_target
e2c4033e3efaa2e24830d48a1e1024e8dfd77e4569a106d95ef9e5effb1e30b8,2026,5083824,IOL,OL,unsupported_position_target
56b24e99b75f37dfed324f6f9f7ffccf70f8357628ed3dab736fb8ce5fa66544,2026,5083579,IOL,OL,unsupported_position_target
1b400393913514fafe20edae02867223ad7841b002718faf0f90d7356f2cd4fa,2026,5198202,IOL,OL,unsupported_position_target
6ea29b1df9b318b981967e11734d99c829e937036447a5a3fab7ceeb857d8556,2026,5078461,IOL,OL,unsupported_position_target
1ace13057b01de399d86b03ac6d70a0621da13f84234569d89283430d16e9957,2026,4685734,IOL,OL,unsupported_position_target
0015ca4cf7bf19f1bd2477c7472fe7843ec98c15f56e62dde41d967ab1cf3c01,2026,4878173,IOL,OL,unsupported_position_target
d5c3e9cd0f507940473a8fbc664473e3de9f1dea1b1f7963f53f14d6fd7e3296,2026,5226140,OT,OL,unsupported_position_target
d39989ed4e74ebf256b3194ad4796fd891561bb9e0c34cacbd1f45341aeeb8b3,2026,4838683,IOL,OL,unsupported_position_target
d2747b960bfb38d325461b954adb617c0c1c575b725b42e3a965f7343c6d7ac1,2026,4871032,OT,OL,unsupported_position_target
6d9875182454460092ad0a5db5f6a804a6421218111b78e4203ed9890d270a13,2026,5221063,P,P,insufficient_locked_v2_validation_evidence
77916b053fb0518b5648b897a01f6bd621b5a0a6d902b2b2af42c7c7ee0ca53f,2026,5231956,LS,LS,unsupported_position_target
d2927faf67c7b25d19b127335d9324ab01a820ab33e7d8a043eba4f1bd8a0a2f,2026,5219450,OT,OL,unsupported_position_target
d89ea82ea4de8a0c11d28f3e8d465945df98ff0013729c81e0c8d2d8aa3af352,2026,5078100,IOL,OL,unsupported_position_target
eaab92c4f000d32e94eb674c5e12e0f14ea0a4d88f315de163c3f1acf414eb51,2026,5225296,OT,OL,unsupported_position_target
f71d1b90a1378ed2e16e859d083f00cd6299bc1a4b93235ba3d3e20af72e0a54,2026,5225765,IOL,OL,unsupported_position_target
49a1d7029ed4d9366a89693eff827fea261d8b2540a607a4caf78e2353765068,2026,5146785,OT,OL,unsupported_position_target
9f0ddb64f280fa12d676ec29fab114309bb213d8ffa324d7919955709ad727a2,2026,5054079,OT,OL,unsupported_position_target
9edfd152efa13f8866a47343948ecda45dde8a3471052a5dc6ab857e1cb52db5,2026,5083310,OT,OL,unsupported_position_target
880b7f89dddaf793af41e875061f5b8ff99a0d7c215d2a12bf6a31583f0b376b,2026,5027433,OT,OL,unsupported_position_target
30f622789f918564b5978989c9e6a270e1fa4b66b923794f0a01ab276f7de323,2026,4871710,OT,OL,unsupported_position_target
b959efded37db4d677a38c94c025c6a8cfda2cfcc9f90135454e07674a00109d,2026,5122105,OT,OL,unsupported_position_target
5e1b1bb1fd382c74203c32b2c2a9f085bca872f52ef7eb416fc310b0c007b4bf,2026,5296238,LS,LS,unsupported_position_target
8ba96c4a71fcca91b4aa0a3ad3303d09e55f37ab3ec16fbd3577a4cb65259bbc,2026,5081220,OT,OL,unsupported_position_target
0f71971e0aaa1c009e77fa70dc2ce3c279272a4c6f31e2440d00e6e9fe39a557,2026,5164579,IOL,OL,unsupported_position_target
ac48ff62a252b6c8d37f53f6ec2b7b80c1ed825e920e87f56eb70a34746b77dd,2026,5232391,IOL,OL,unsupported_position_target
a174f35a4de88173f20a6ce8719159ca3f342c06726c231d4d19a308051eb296,2026,4921453,OT,OL,unsupported_position_target
208f6128ce9b876541a77f0e581a56663a6e636bb13cd13afd9b3ab4496d738f,2026,5295660,LS,LS,unsupported_position_target
ab38dcb58b9c0413d9d0ff2f41b495ef466065ff363f7d1d35112a4adb762c70,2026,5160096,P,P,insufficient_locked_v2_validation_evidence
2811ae688e452c9defd7a0383380e3c8c8d93ae2be541e8fb60ea48821f5e366,2026,5085515,IOL,OL,unsupported_position_target
31cbc86803a573383372853304644398e4f2bf1dd1397497a0c02de2b2a995e8,2026,5299969,OT,OL,unsupported_position_target
94c4bfbc17404363f1be46a0f69daf731e0615f0257e1bd462177384938dd6ed,2026,5156971,IOL,OL,unsupported_position_target
0e8793a218efd5cb11e8b8396a76efc18edaa19b2f3920fe1a07bf430e497811,2026,5084535,LS,LS,unsupported_position_target
ccaef15f52e4abdcc90dccb81c39ff857d9c234503f9d7825a6f90b4441f75e0,2026,5328464,IOL,OL,unsupported_position_target
7072e8fb136addf7870676c9d56f376ab7995813c00e22e0fb5d6c417d5ee0d3,2026,5093214,OT,OL,unsupported_position_target
2c271eed75f3a8133b4370c47d91afd1633729848307e4aaa37e584587c58ac3,2026,5146872,IOL,OL,unsupported_position_target
28ae0a63cf0e04c6c327c4e34d159d62a1e1ba496e1d2b0ab68aa28da5964239,2026,5220516,OT,OL,unsupported_position_target
4b0bf5b419f132f8e6d6febc01026bbd9c39cb5bf2a27104fde89c77c8fd458a,2026,5296567,OT,OL,unsupported_position_target
0ddd6d7e8412bc4a8bc9541f45d4480437df20f73cf5a0549eba4418ce7ede54,2026,5159883,LS,LS,unsupported_position_target
49de68a209ae37815fc270481ec840abd335e58fffa096f926325a460ca0d9b0,2026,5163088,P,P,insufficient_locked_v2_validation_evidence
c0c4c39cf19ce3937d89ec6257225f81e5cc199e03a514c89e8f4d7e998b555b,2026,4878843,LS,LS,unsupported_position_target
19efb5e3a593f4a1075bac4a81fcfc6d2f86369724e77f3dad7db9868e481627,2026,5295342,LS,LS,unsupported_position_target
b66f097e584b044bf0cbfc28234672512cb861ee385e575d1001e84442791cd4,2026,5080698,LS,LS,unsupported_position_target
ab0eb40fdda959490b31671306adf9e29a6e1aeb76562a5ba3afde6041595b6c,2026,4871056,OT,OL,unsupported_position_target
400b0615a5d4fdd196fd36bd413cff6c2a425791abef3c9d7c12f27f0cabaddb,2026,5196100,OT,OL,unsupported_position_target
bbc444f5a0cf5b73a7da494f0872246375ec3afc2556a9a83869edf35e36d193,2026,5087079,IOL,OL,unsupported_position_target
018d4b1b935b4bdc18df72e06418cae59b5ea7a2e7160f8bb2661e5375796f44,2026,5226004,LS,LS,unsupported_position_target
03a42a99d40afd7532473688bbe387acd490fee59e95aa26ef17ced1bdc55423,2026,5300295,LS,LS,unsupported_position_target
3e435402884a2acb2def10ad8e37e2abc544a9cb032acf64621f163d901f43ec,2026,5150787,LS,LS,unsupported_position_target
581df112b48c831823f1ca1f3047107f292120cf5fd3d335823f433fb602d384,2026,5150250,IOL,OL,unsupported_position_target
0392e68c7e90d75afd439005ab1d8be1905e59ca8ba87a9dc6e1f24d3e9f9490,2026,5085826,IOL,OL,unsupported_position_target
1cc8483e333984b415865f3a1bec60ae255e41cce095a5f09c0069225605bd79,2026,5085733,IOL,OL,unsupported_position_target
000f501d9a48f3915de8fa224f569a580f463595aaa4d3cfcec2030a1119e785,2026,4870895,IOL,OL,unsupported_position_target
a0bcabba6214705883e1f936e0189b31b5d8600b4b31b852d4a11cbbd60839f1,2026,4832954,IOL,OL,unsupported_position_target
f166050bcb9f3f3db5d647ac047b60c6570f13f0de2e0c7ffe7793fb4d77e345,2026,5155168,IOL,OL,unsupported_position_target
7ec797a72510aa05707330388a79e04d63edd019b6b350b6ac8dd0cd9be9b0ac,2026,5229579,OT,OL,unsupported_position_target
e25e093593d820b7d74e4da6c54946cc75025438eadefea8c9be6ad374749dc6,2026,5221904,IOL,OL,unsupported_position_target
c66ad74c6fc13889b0cff5181510c46da07eed4ae85616a3091b14fb81865b62,2026,5157260,OT,OL,unsupported_position_target
8dd162bdcc094d5929912c777f5a738e07dae59669377b6a653a1f07f64d8312,2026,5216578,IOL,OL,unsupported_position_target
7b81c138e5489946a0758797233261065c626c1dfb67dcc1aa31baf16457d49f,2026,5091893,OT,OL,unsupported_position_target
bccc848411a39fbf7decce25b683ba2267e1ad9e656f7b68c6bcc54377c2c9f3,2026,5381564,LS,LS,unsupported_position_target
c4eca8a50316cf411d8e52249d4536bfdf9d6899f1d955cd04264f34cc182b9c,2026,5082040,IOL,OL,unsupported_position_target
f263d99ec94955aacbd23c41076fb07f5e8cb377851d10e514ffce849a41aef2,2026,5231136,IOL,OL,unsupported_position_target
3abc0d3eb58d91bc34b1f1bc20cf801a9895c62d37d8df38cd33be6b7972f1d5,2026,5227929,OT,OL,unsupported_position_target
59d3d06dcfaa2bf13c6f8d12dbb682fe460a6cae8226d13a90393533874e6a10,2026,5141600,OT,OL,unsupported_position_target
e9935969b81b817278fb499f7c46698bc13096d4bc213e55bdd32ec98e1b3474,2026,5085517,OT,OL,unsupported_position_target
9d34f1364ac39df82d950c4bfeef4f08449021d2c129c53d9bec2aa666246099,2026,4871004,IOL,OL,unsupported_position_target
4a2258c27d5aa811e45b1325b286649c982c69abd590704a5631260020313bf4,2026,5304960,OT,OL,unsupported_position_target
55dc9ee928e4a84bfc4d8a96035ba9f6aa5c70bfe05a1a6769f2c75df4079617,2026,4877228,IOL,OL,unsupported_position_target
32d863d28b7a5ae49ab717e9b6d3f793f7b2de1a9f011de567d1a2f657fa3d98,2026,5146665,OT,OL,unsupported_position_target
86f2fd935ea484cb876e029f2c9d178bb1adb2c1168dd0e0aaaabea85b28f0e1,2026,4870882,IOL,OL,unsupported_position_target
629b747bb81c69446a9aa1e72d209fd6c9b66d1de6b042eacdf4220fb4a7dd4c,2026,5146578,IOL,OL,unsupported_position_target
22b4fa406a857014b730b23c8e3baf3d5e4f16591643fcd8e79f8d7d89498e02,2026,5383069,LS,LS,unsupported_position_target
e22f9c52ee6457435ec74b61528d0be1b3e86f0d771330ca8dd399bedda93cb0,2026,5222995,IOL,OL,unsupported_position_target
90f6ec3bd8643b6332f5afc1e094a16c3ac7180518ec9d02f258a28112eee7b0,2026,4710779,IOL,OL,unsupported_position_target
1eb9450b4cea7dd312fee9de324d92ac808959d1ea122478b6d38a33a3a5b32e,2026,4894438,IOL,OL,unsupported_position_target
e3d18f33700b745f1ffad4dad7d7431e55fa476cd22e928f6d46e5cc90e940e0,2026,5146768,OT,OL,unsupported_position_target
7ff91359c28fcd9580c5bf8fe8dfbfeb4fea2a160309fac658bd8a40cb27ce0d,2026,5079553,IOL,OL,unsupported_position_target
aea3f29cc00b53a7728115666520738bce24f5561c068401cf5c7ecf7883878b,2026,4879310,IOL,OL,unsupported_position_target
016d305715c9d5d31e363cd65c6b4702a70ac5cabd24ec25e78fa52c41f9534d,2026,5388920,OT,OL,unsupported_position_target
98590b9fc5de37e2d37a4377d5377c007d1c2177c019cab61b2639a7daf281fa,2026,5257746,LS,LS,unsupported_position_target
9e1ae80e8d1ac6643d18309e2e1da4bc56459802dc06fdc75bbc88ffa82426f3,2026,5083968,OT,OL,unsupported_position_target
666678fd735b1e6193b192b35317faab1a338fa42418dd77b197af470fcc4f00,2026,4837377,IOL,OL,unsupported_position_target
1edaf6739a4f9ff7b3fe4249317a1e96dbc840344d1a9db5ca5ce3468de74374,2026,4916982,IOL,OL,unsupported_position_target
2e3359cbf8ace3f82bbb0078898868a42bec0ead9ef7dec8f3020e7fe0596171,2026,5095228,IOL,OL,unsupported_position_target
46c1db668406fb8556e9e99a29e353c5d0e7729b3564472e14695a6e1a2a8532,2026,5152288,OT,OL,unsupported_position_target
b130790bdd8dc5cfda7965aca6b661d97a111e0dc799cc59f734781d83396aa0,2026,4870595,OT,OL,unsupported_position_target
8336b5e75f87e824000285147d05d33ce0ee2ffe5a9e72edbba276c2aa5007f9,2026,5094031,IOL,OL,unsupported_position_target
c8a0c0bf3ee36b81eec1f34e5c7080250cff0f24c33af3164517bd951cd63a4c,2026,5295485,IOL,OL,unsupported_position_target
1d877ea590e7d78dbcc07e93dbf3a4b0618d7eb472a0a979f7cb0ed6c992f3fa,2026,5088514,IOL,OL,unsupported_position_target
b86fc5dc2a14bf5022e3802a1164e69fae0d4ff25770e04e8abc4c87439c3aeb,2026,5084230,OT,OL,unsupported_position_target
c4da975b8641e13423abf30ed093411df3052751b2f8e284e91451c910ee40ea,2026,4918443,OT,OL,unsupported_position_target
3ea8e44c06d0b47c24fb8197586a58f63012cfc99f8ca4eda2efa2320dc0a099,2026,5209008,OT,OL,unsupported_position_target
a36b2a524232da557320c073f564034f2ff0b393ca5a03fa4458a72a842ae723,2026,5101200,OT,OL,unsupported_position_target
ea0afebc6a5a8a1f3a09638e408dfc39117aadc9ba84d9cb9d1556d62e4949ae,2026,5085800,IOL,OL,unsupported_position_target
361ac7eddcfaa74afc75c3909ecd0316b1591db242375de8c5a6f3f905d80467,2026,5120796,IOL,OL,unsupported_position_target
e83a26e7ee286f6dd3933b577c6b3d3d6f3696ddac4afdc2c4d0ce3d065b9b1a,2026,5219097,IOL,OL,unsupported_position_target
bc402ffc82dbb0aa0e23da5094ec8a40e279a337fe181216426ff043203b3c36,2026,5158459,IOL,OL,unsupported_position_target
4dc6ddca38b4eb2ac2609575711bea3b103be9a1d99dfb71f8a9c6fb6c0e3cd8,2026,5232393,OT,OL,unsupported_position_target
df09a4141a628dc0366288c7cc77a8c8fe10ee84aab417997ed6a1956902d4ac,2026,4837475,IOL,OL,unsupported_position_target
2a13702e94037d3164d270308e6bba8f275c8363c25f7499e07cfc90fc9bf7a5,2026,4871033,IOL,OL,unsupported_position_target
ea498ed0cdf1f53aed8fd835e0d1271d0cf86142606dcec60f86eedbba7acf58,2026,5222238,OT,OL,unsupported_position_target
bdece19fb0d7859f45c6db21cbbfc03381b1012aaeb272304cf4e1e3ffd6af7c,2026,5110449,OT,OL,unsupported_position_target
ec601315a5b8b7b6e8c8a752a6e664c62c93c99438706bcfa77bf8b2bc9af20d,2026,4869695,IOL,OL,unsupported_position_target
cb64f103fd693902554fad11b87c5e47f04cc521af40eb23f0418f10e2504c28,2026,5227693,OT,OL,unsupported_position_target
d91903d2b02b5f4cd1a09d0eacf49707d78db65719b9063a0abb40c8236cfcee,2026,5151980,OT,OL,unsupported_position_target
5314b1844ecdd95b4ed3b016c7aa10b81a45a46da09f5789eb7c8b7ff43860c9,2026,5154390,LS,LS,unsupported_position_target
a08f7e62a2970580d71f90d99de9e1ce1515065edd9a94574efa4826eb6bd671,2026,5293675,IOL,OL,unsupported_position_target
1b68c4f49bda7d4aeb71c0c880fd351c7b7f940bae2fac9c5f9a0a4b83697251,2026,5081075,P,P,insufficient_locked_v2_validation_evidence
40cfe778349328a02569c7ef700dc2fb846fe1f3b23094dfe0ec74a1b50f766f,2026,5382615,P,P,insufficient_locked_v2_validation_evidence
e0f5bf78288fdd6c1d37454a3919293211db5dd069ee8510fc637d19344da995,2026,5151538,IOL,OL,unsupported_position_target
c3bd04a2dc2a5b8cd3a0935b25585e68be446c212236e0eba04fc2aa705deea6,2026,4683505,IOL,OL,unsupported_position_target
b60e3a9979758d9be9c13a30d79d7c4d3ba076b96b0928e4e09049856eda084e,2026,4877768,IOL,OL,unsupported_position_target
3c439568a95fd0c676190387ad883bc15667bf94eec16bc5451b6e71050804fd,2026,5219780,LS,LS,unsupported_position_target
2d826d8e9678de9241ea16f2958f7edb1163b7ed0c96837b7e9a7c22c4753cf8,2026,5215336,P,P,insufficient_locked_v2_validation_evidence
09c57831b669ed1c1009a4acf054d685c81e5567278bd17f84aacad120c5e4c1,2026,5161685,LS,LS,unsupported_position_target
222e08a3c24c86cd87633abe5cf70798e622d42907f5f2e5c31a4d216e142ab2,2026,4870782,OT,OL,unsupported_position_target
64acac7047f0640e94ae4b2b3f2d636609a98204aaf19d4c7e36d5611ca16c24,2026,5211194,OT,OL,unsupported_position_target
3eefd02ea4b30fc88104c78fae6363125e718430527c174de4d09183472897d1,2026,5153525,IOL,OL,unsupported_position_target
31fd72664f956c30005c28e73f3d7c32ca5d4c133c3b24e9f2c990610573c942,2026,5296568,IOL,OL,unsupported_position_target
5659c78aaf0a4f14f2955eaf47fe6659d391ce04127a41b1c24cbf17db136900,2026,4870586,OT,OL,unsupported_position_target
65193d9f5b34e4484b74fab3b4b043735fd0bd913b441fccebb4ec4093d623b7,2026,5143220,OT,OL,unsupported_position_target
8eeeed944a617fdc8faf45538c8e6bd96ec7831a5dcb85aeb414d0972723ec4b,2026,4923035,IOL,OL,unsupported_position_target
c4a36ce338eccd06a714293550356b1fbe194a7f1294b79356a8f934cac7f303,2026,4880091,OT,OL,unsupported_position_target
4cd9742cf87e5b4a0c853ae3abfeab8bc12483dae321eebccd8ee39f5c7abea1,2026,5093976,IOL,OL,unsupported_position_target
d718f0c04ce14cd777c948b6669a4386c74b2b1d5878cda454d27a3ae63d8fbe,2026,5122159,IOL,OL,unsupported_position_target
31eede15fc2fa47a1241e3d50d47482e7068c9b81e114778c54046bec4559a87,2026,4921265,OT,OL,unsupported_position_target
12efca74539e828e77ff5e57e818ae28aea79cc407e92ff996afd2ad975ca637,2026,5079481,IOL,OL,unsupported_position_target
0c67d96c12dfa4b2dbc05024daa5bb972e12dd51a4b53335479dca0d77f0b6ff,2026,5295243,P,P,insufficient_locked_v2_validation_evidence
953023034b91216655550e3c51d1bff52d89e4b2d32454a519fef318b15e7e8a,2026,4720942,IOL,OL,unsupported_position_target
4718e36d9e948a9e8201d21cc13d36015af584f632ed6ed91e21d504f7dd1c86,2026,4594706,IOL,OL,unsupported_position_target
3b4c4f5c0e18db78ae44a766d0f6c0aee887e87d675e1c46565ee0986b337652,2026,4912915,IOL,OL,unsupported_position_target
ebbc0475da6dca8e60f20700fc4dc61e8f3d2392612a1c27289ee8429fec0529,2026,5159142,LS,LS,unsupported_position_target
b00d48e2b20ad7d21d6e2e5dc87042cea0982f0a3bdf30b3d824ff0b7f968da9,2026,5394431,IOL,OL,unsupported_position_target
d8f8717a2344bf46768e895558cfe32cc2f698a924d93a1be456bf821eebe4d7,2026,5178087,IOL,OL,unsupported_position_target
a76312a9de3813154a815e705339e67257ecdfc631001c8a4c194b9ab63daa9a,2026,5157020,OT,OL,unsupported_position_target
42548b1fb847140d68f622c5d608fb75b38ada936a94534a5eabb72982deaf78,2026,4912045,OT,OL,unsupported_position_target
372016a30f0d76ad96480ff7385992429e415379b708c9a3363781de7133fad3,2026,5164747,IOL,OL,unsupported_position_target
57e359ee7f860e1bdd3d708dd0661c85a174602f9cc8b7e711d1d675e2a6834a,2026,4833363,IOL,OL,unsupported_position_target
92c86cca8c4f74b24c42cf6370ff916b9759938918678740f0efc15c7680580a,2026,5100750,P,P,insufficient_locked_v2_validation_evidence
d5708bd4e0c8d8d0899cfbaeac3069269efc05b4473b029bab525c42343269bf,2026,5220626,LS,LS,unsupported_position_target
2aa77fb5d9b0f3c421b889aacacc3b4a57c29fd01d480a38bb7eb2737e26b082,2026,5297073,P,P,insufficient_locked_v2_validation_evidence
28e825f3dc0ca39e6a370a66da3778966aaa7ebcbc8f346809cff5c21f4ad80a,2026,5294318,LS,LS,unsupported_position_target
0f1a0a1943277e40feff4a9e2941314e10cea3979abd5beedf000697bff10d85,2026,4917985,IOL,OL,unsupported_position_target
9080a287399c8ac3091fea505a5bdbb027332ca6b9c86067f4e5798969cf83ba,2026,5150882,IOL,OL,unsupported_position_target
702419388be27103c4d2222909c218c966423f54fa3d951ddbd74328d861fab4,2026,5220347,P,P,insufficient_locked_v2_validation_evidence
4f824b24d088abcadbe0bb6eee3f9c0007cc36524e119eedac91a723fc282907,2026,5075389,OT,OL,unsupported_position_target
ac6948fc111b1b88909a76c6cbed38e3f472f378dd6419c098fa8182a33b6040,2026,5102586,OT,OL,unsupported_position_target
594f59f51b97a2e5f9f0cdc921ef31e9e9b2872c36100bde95d1d5685923be87,2026,4685732,IOL,OL,unsupported_position_target
5ee4e1efdcca1b2ac21dba8e74daee7aed1829e77014429f8a3bd5d8880a3fd4,2026,4877825,LS,LS,unsupported_position_target
4450d4b54a0e28c3c88d00f23911ca93d13e2fb8969dd3f18d46dd3e6544fcbd,2026,5147385,IOL,OL,unsupported_position_target
0bb863d5f1f7af4bab8a97d44a414a87d0772efd9e4359271a80c5d9e4c9337b,2026,5079541,IOL,OL,unsupported_position_target
804229eaecbdcbc107eed7f580e34232bcb1351c79b3763cf632555a3ac339a2,2026,5152091,IOL,OL,unsupported_position_target
503f215d2063e1151fc3b34a37d04938291d820c4ee2ceece847433552928ab8,2026,4870942,OT,OL,unsupported_position_target
f401caa17664398a370a554def47081cf9e776bfa46bfea89851d3fa766a9c9b,2026,5173078,IOL,OL,unsupported_position_target
61b3ebd665e9eeeee549332c8aaa2f63b0dd1ddbcc3d85665e9997a4e17b5a67,2026,5141401,IOL,OL,unsupported_position_target
6b16af434bac81cedb00d3cede8b3fb303c3968455c0843d81b9f007ed6d13bc,2026,5258272,OT,OL,unsupported_position_target
2d3ed8bf12dc8ea80ae731cb4caa19e167f842c5bb3f3e73c0c2d230f2ec64e0,2026,5296606,P,P,insufficient_locked_v2_validation_evidence
82ccbbbc703ec147c6a1bd913d801d7b7eee12f59bc916cbff7f179cee9fe481,2026,5160651,P,P,insufficient_locked_v2_validation_evidence
9395d8b55f7fbf2b6bcc95165951123f4580efcdf5310213c8c9352395ea82f6,2026,4870517,OT,OL,unsupported_position_target
2eea46d0c823bc47b19d8241483089945fa898de894a4efb30c1fa427c0a8ab0,2026,4870772,IOL,OL,unsupported_position_target
18a234dc88967db49d292153c2e790b17f666fa0534034b97c880e1032ce63f0,2026,5154943,OT,OL,unsupported_position_target
d14b67f7dd31436ff2efba618e3e76fe9c17c6e2b1cf4d9cdbee3843e43fd21f,2026,5225368,OT,OL,unsupported_position_target
fd1b818cb5d5a0d87ad3940f18bd3e71954627e8e91a62dcd40873743daf4a8b,2026,5304948,IOL,OL,unsupported_position_target
9f33420771eefa47b414fb5be86a66a5d829c1f87aad4d4395a232a8fa8fa373,2026,5179199,OT,OL,unsupported_position_target
f3df83e0d14f9295d6bfcd288d1aa79e70e07e11718859f5814558c8a06623f8,2026,5331334,IOL,OL,unsupported_position_target
1a2d4e240a739d038899151314a8eddecf1e5869ef490370f5b8d80fd76fd169,2026,5151157,IOL,OL,unsupported_position_target
f82ffd81108c62e7b46e1a1e4a70d792cc5917df9e9764bb713496db1b8efbc3,2026,4612621,OT,OL,unsupported_position_target
c2bc9324ee4d031147787ab473fe632ab2527db808005193b88b7110bd2c416b,2026,4917302,IOL,OL,unsupported_position_target
68bbc687ce43e844a2e619066bb033e3a5f88d3510a6d8e372ea7790e5aa123b,2026,4691816,IOL,OL,unsupported_position_target
24d87262746f04ba8ac14544246620899a0cc11c6afaaa470ab6ec6bf2ba96b0,2026,5081425,IOL,OL,unsupported_position_target
a591b8f728ea775d680deb4e509467e930d3fdd16ec33d9cf13d09e0ba6b8a41,2026,5147844,IOL,OL,unsupported_position_target
dad467ef105217b2b3d0db16929c7830f17ef5229e75362ceda29991a796017d,2026,5299485,P,P,insufficient_locked_v2_validation_evidence
6abb1bb6c35b3912bc719c1944db0c095c22af3fd070499e7f5248b56b08aa27,2026,5218826,IOL,OL,unsupported_position_target
e0e1480be74aca36a6f0da9e5a47d384e992b42b9b4a7f84540be87a4435d594,2026,5221326,LS,LS,unsupported_position_target
fc582bc62cbc23308557c79ab9f857616a502456eb636fa4bf485e127ab5203d,2026,4917266,P,P,insufficient_locked_v2_validation_evidence
41fa2719e357cc8f99f24148b5b26930cdfeff8712e0f92dbdec49a1ddcf45ff,2026,4769832,IOL,OL,unsupported_position_target
55583843e7f23f5fea39bf181cd38ba1c6ee3f509b3b733154183a17d7bd4a3c,2026,5095864,IOL,OL,unsupported_position_target
4f5f45e53ccfb84aae4e72d911969a59a2dd2aa107b3c543fa625b336dc006c3,2026,5214470,IOL,OL,unsupported_position_target
0d188d7a0c672d9d02827a294e1e25e05bade956d8cf01e63fe311e9abbd3eea,2026,5295473,OT,OL,unsupported_position_target
685666e2f870a86d6c5554a9f9b77b015bdd79191b256aa28f13bba3460e19cb,2026,5079306,IOL,OL,unsupported_position_target
69d0dcb1d095c8851919bc4bd4f0d81ffb69cfbb9f96be5aa2630bbefcfc7836,2026,5156232,OT,OL,unsupported_position_target
7adab2c468892cb555966ec21de1dd6e17c8ad891af672d4fa21ff0685adf9b1,2026,5293891,IOL,OL,unsupported_position_target
54fb4fa4cc493b8531154f329c939680df53c824690c92dd950e9f3e0e916157,2026,5151623,P,P,insufficient_locked_v2_validation_evidence
007806454cb0995c6bf13eb5533ea8500ba8b88c99acae92c6ade8860f0f9af4,2026,4870749,OT,OL,unsupported_position_target
6c7af15322fb4543282094f5b9ce08606cf731d522f76244dd22c089400c815b,2026,5232395,IOL,OL,unsupported_position_target
0893b50e48a3ed539a120d7c890224128d154e7806c78c5e1b6711f251b164ca,2026,4575844,IOL,OL,unsupported_position_target
9aaadb6b8a9f28c2a0ede81b0bbd7d96999ce1a9dc88cce82eb6a637c62d9aee,2026,5221582,IOL,OL,unsupported_position_target
b1fddac098179600a704fb47e5086d1ec01480534669ed4f5de61cdf026a3903,2026,4921448,OT,OL,unsupported_position_target
2c5943cc709417e877786ddf35319d351aade5cbc9ffdd57fb12a635603cb714,2026,5096994,OT,OL,unsupported_position_target
0a5e66b508390c161410a57f77916c9a5c6dcb40ce9748b9ea185fc34197a35b,2026,5151151,LS,LS,unsupported_position_target
db2209ee800e726781e9315987edb6a978a6b067be9a7d2b55afc288e09a3bf9,2026,5158250,OT,OL,unsupported_position_target
27b8a18a942f0b8a64bf04c6b54ce7b3f1688d5a427c77f955331cb45782b8bd,2026,5300311,P,P,insufficient_locked_v2_validation_evidence
e398cfc606d4de73498ff797842385ff697c5079cfe2e568f6c6b5fd4ff33a83,2026,5214453,OT,OL,unsupported_position_target
219dfc273c6f8160c97cb5b653df7d24a7ac808104964281a19587f5ee5629d5,2026,5151023,P,P,insufficient_locked_v2_validation_evidence
6d8442b8d2f04556159cd3c8aa382e20cf90eb70242723601a891be523946a13,2026,5295513,P,P,insufficient_locked_v2_validation_evidence
8108587635e0308730ac247c8e839af97ef528f7be9a13c65450a76e5e6514de,2026,5078145,OT,OL,unsupported_position_target
aa11c37cea7e33c7872ec357fbced6b636b64c8b7ea38a79f5ee17e6472d57c7,2026,5225635,IOL,OL,unsupported_position_target
0b49db998d0f0632ac4c0ba2a4a767516a775301128631b5444333811e9c29b3,2026,5230166,LS,LS,unsupported_position_target
a3b04d43cb78d43fc51c9b1ade642cac32e06d793a083022f2ef14d29adec174,2026,5390283,OT,OL,unsupported_position_target
bce6d6f038cca4e9c1f04b7b6aea9daa6468c26a75d6cb3ae00cd6849b8fa6b1,2026,5089328,P,P,insufficient_locked_v2_validation_evidence
a0853b3d763c29491d5dff06ef0f739e1de2078d084e232abb3eb531e250ff1a,2026,5195740,OT,OL,unsupported_position_target
9fafa12abf8c6cca112b0cabc0da9081ffdd89f2dd0b582f9b4a5d18dbcd264f,2026,5228644,IOL,OL,unsupported_position_target
93b506a30ef0052b190a0e7a34d8ccad992ad24180c0d1fcabda5d9edb80f403,2026,5304023,OT,OL,unsupported_position_target
c9420f259915e0c549efc6251270b86bb0aa2136c2911f024671c2924486f463,2026,5083238,P,P,insufficient_locked_v2_validation_evidence
298abf8012ea8d7de160ff90c0155702f4620dd1d4ea07903adb216f29f6c399,2026,5153898,IOL,OL,unsupported_position_target
3a2ad890ebeb062e48f730d4c0add0d96f3b9388079674a4a41fc5ce18e3a843,2026,5218901,IOL,OL,unsupported_position_target
b06f3c9f3ad38ee164f5a2f8a67d7e930ab944a4577766f11de32e53353b6adc,2026,5232148,OT,OL,unsupported_position_target
f6d79f34e17486089890fbfb48d623efaf4641eb0dd803100f3ffe4fb9ec09ab,2026,5120167,OT,OL,unsupported_position_target
ccb4dd5dd14e1f5c3047f38e6793387feaad4fca4a2fdc42e75fae3cff531a71,2026,4906091,IOL,OL,unsupported_position_target
57b11af86b88efbbcc2b8625bed9e90cc4fe5966d1d0547df860494ec47d94ca,2026,5146829,IOL,OL,unsupported_position_target
3d06351646dc821f3cf9a761a8eac6568cc6195d85f9b40a7438c03edda0317a,2026,4923056,IOL,OL,unsupported_position_target
ccd9ac78ac5853fd0c7ea244fd55e6fe1638113d643bd41c5c7b47ead12ae432,2026,5159182,IOL,OL,unsupported_position_target
a98a820c5bd927de3b9fec7fec3a2785f25fc223f6091540cadd3b165a50cda0,2026,5219875,IOL,OL,unsupported_position_target
444ab78a8e40da9a37a72a0323d62c3d3a6240451b8a0f998d0b2d50443c6df7,2026,5156240,IOL,OL,unsupported_position_target
d9880f4f6f7bb7c392f91682985952b92c9bc93ee2142a74cabe092dfe03f243,2026,5228814,P,P,insufficient_locked_v2_validation_evidence
d541dc1ddbe60cd38288582b1967c93aa7250ac7ebc544725159d69389c17ff7,2026,5139133,OT,OL,unsupported_position_target
95eed3fa3b3f603ba74584f3a4407fa8d06dd268ae9855a74db952a1e046488c,2026,5294292,LS,LS,unsupported_position_target
4eb0c5aba491b7ddb1c1809bffa0d3a4069d18c9daeacf8a40d3fb54bfeed7ec,2026,5223442,LS,LS,unsupported_position_target
1b452038fb9c21f366ebccd95e9349c92056e8b57d22e5f175dd71f792a86c6b,2026,5095828,OT,OL,unsupported_position_target
c2bddab74bcc38dab448fb5f696da4884f08538e84346fcdd57b1e8aecc91114,2026,5219054,P,P,insufficient_locked_v2_validation_evidence
d99667d630287d997abc241ff20ad37bfc75c887ff005afaf282c6f0e4b570bd,2026,5148599,OT,OL,unsupported_position_target
415a9a46c2d483aa211ac961db0d66930b64899c7bab8e0899e7c67750f35ad8,2026,4868811,OT,OL,unsupported_position_target
60573c7ed1f3d3e4e28f226cd326887ee24f51a7e0e1a638c193b32015f46887,2026,5220332,IOL,OL,unsupported_position_target
c9cefc3be54aa1add16e0825cd3e15ffac54968377ac949decba4e778cec7a9c,2026,4917426,P,P,insufficient_locked_v2_validation_evidence
ec8b956e86966d0431a22020a3f73e58b56975da02eef90033dcdda0b720b71c,2026,5141493,OT,OL,unsupported_position_target
a49110f943008dfaf51133cd6d47e75b1375c56537c1b0c60c001a06a5a6ad8b,2026,5332556,P,P,insufficient_locked_v2_validation_evidence
d76528da5efc2d85d0ceb1748e442626b514f234dcd6e89930bfa8e3a60249f7,2026,5296826,P,P,insufficient_locked_v2_validation_evidence
163c8f47cee0fbf5771f2190e4f15bf6999a46119d682a93ba9b30578d4c0c77,2026,5146855,IOL,OL,unsupported_position_target
1539da1168e4c598e04100593f5cb9e45b2bc9eb99a16b133f73ae3f748abab3,2026,5295304,P,P,insufficient_locked_v2_validation_evidence
b873a1cc7281672cb2204e6b81538d63de92a926928df00fd89afc5d51732539,2026,5332954,LS,LS,unsupported_position_target
bc31043360370599f23ce188352a6e4da592afb62aaf5d641733684065e0512f,2026,5264500,IOL,OL,unsupported_position_target
5051840c8ec8a5c903696ab6762527045248b4e8a2724f0bd043e59c7200d5ed,2026,4827044,OT,OL,unsupported_position_target
0579db803b89878901103d5be2aaa5a8e2a19507c73e41dbbcb78c8cb576ff17,2026,5121534,IOL,OL,unsupported_position_target
556031493f170a0b3f789ccee5ac2ebbea57cfdc7d11c17d9ed9dd14db05728c,2026,5082263,P,P,insufficient_locked_v2_validation_evidence
ce39474e5c9d66e3b63463ad01dbe5e137f23817d0ba21cca368312601b54b75,2026,5225963,LS,LS,unsupported_position_target
c645e5738077bec51e5259a4a09465acfdf353b88de85707eed04726d1e0037b,2026,4683984,OT,OL,unsupported_position_target
a01bf6cd20e6a84ab1492938b7c076cf76316492a7e74039585a3cb0a9a73cdf,2026,4876261,OT,OL,unsupported_position_target
368af27063ef2fd7174d2d07691962688c51b81dbf178c224851ebed03518afa,2026,5381386,IOL,OL,unsupported_position_target
01cab7cd518cbf6f1d64ca2d3d6a64fea5d0b139556634d938fa7407f4d6a086,2026,4838533,OT,OL,unsupported_position_target
019d891542e24b343c062ab6c62a05772b2ce4a92d90ee057ffda23933e1e0c5,2026,4685550,OT,OL,unsupported_position_target
c1ce66a12625bd74f73b1dfba51e99d84d87be9909de8b15ab6119a77ec4dd55,2026,5331578,OT,OL,unsupported_position_target
a838d55754a772ab6bd4d52f186c27c6c55f07cf8c52c59b2bf5f8fd0252b310,2026,5079700,IOL,OL,unsupported_position_target
c547a96756783b8ba03fa2df716224173dd98030bf1580321379a85b53a142d7,2026,4917318,OT,OL,unsupported_position_target
9bc170383fbba67677abc56352ad167253b780253c65b6fbe866dd09bca0ba00,2026,5126571,OT,OL,unsupported_position_target
fff473f8da38ef31a37693c8a6d79e1d1c82d23362fb6cf663b0ea9f7730e10f,2026,5307059,OT,OL,unsupported_position_target
01ada55a4aedce6be1f704558c3a7ded955791f3fb5e53bbc16bec05b28e3f52,2026,5074244,IOL,OL,unsupported_position_target
64fb8a15f88ac08a7166f6b58465ebfd3973dee696c15d612a9cd73198b61e91,2026,5150777,P,P,insufficient_locked_v2_validation_evidence
9ce0a5964660e6a6507bb3e67c57aab3e95c7375169afdbc808d7df0c590b481,2026,5155298,P,P,insufficient_locked_v2_validation_evidence
66099b683a59806a6de9c25a68c93048f1cb0d400c286f43d53a23f28abef7ae,2026,5141424,IOL,OL,unsupported_position_target
f64712d1c757fda4f27673ed6fa6422711c8f5390e25fb4bf6bc42d50a990127,2026,5225888,P,P,insufficient_locked_v2_validation_evidence
ae2e9421afd8b6d6c22a55b6f70e795e9f75c9afb40584b75f85ed02bb959cc1,2026,5394561,IOL,OL,unsupported_position_target
4ddc94ff8516fde1b9284c579192b35208cf01f7562983f91ff727fa774f2761,2026,5091820,IOL,OL,unsupported_position_target
5984ff3872a2f89a7a1594aed894b751c99110991dd9fd36f487683b2138aa56,2026,4685276,IOL,OL,unsupported_position_target
2c887fca3436c29a47ac90b939534d6856844f247fcf4e830a0f66ff84ca87e1,2026,5158469,LS,LS,unsupported_position_target
afd4c2ead5ba2076b581f21da32502a499c85d896a0ebe758f3507d5b4a08a12,2026,5077210,OT,OL,unsupported_position_target
fc995819dd10111148b0ce6b5c177e9a8a2b13ce272d40d8a0d4feb19a9499f3,2026,5166884,IOL,OL,unsupported_position_target
34e31fef95241e3409d842c1a2898c4ba9e480e689f1249c037401d3ed594db8,2026,4915712,OT,OL,unsupported_position_target
9a4ebba2c155ea95100233a2171f289641b70a9c591f32c28b4ff93bdb49a937,2026,5153695,IOL,OL,unsupported_position_target
1d789b58ffb41939ef8954bb87c3f3dabc638765201796656ac01863344e6948,2026,4685514,OT,OL,unsupported_position_target
54af83d1c6ce124aef404b1b9b3c66df8af35cd953119493cb06e2ac8bdc2063,2026,5142606,IOL,OL,unsupported_position_target
0648fd856cbb8a0685256f01b178cc68fb360b31761910d68b494217e9f96078,2026,4878110,LS,LS,unsupported_position_target
5a4af56fb6f6be1f3a712f75bb66124135c90b9ccb6cc1c28d800f18755470f6,2026,4873929,IOL,OL,unsupported_position_target
6e58ae7341b539b25f3061e24aea763ac7933b52af9e80e44590047e6d0b2108,2026,5333027,OT,OL,unsupported_position_target
7954183e35909291e8c0045e368e75e129d9132c9af57e378e4badfffe8e13c4,2026,4686063,IOL,OL,unsupported_position_target
590bdf0732436cf1714fe8d7ad70d2f8f6a273c7e81856f0aa7f2949fbf488b3,2026,4923284,OT,OL,unsupported_position_target
5b019c7b80dcc764a3550ab48e476a2114f5f3ce9e62076ed0a913b4351461a6,2026,5199944,IOL,OL,unsupported_position_target
6d206e3e346180714e52f9a08f1fff4a2572a99be527f0939b20b7da3239f405,2026,5258479,P,P,insufficient_locked_v2_validation_evidence
36f5364fdf9e1c4818929941e7ba0ea12a88196b9969f2c504d521a9e8f2629c,2026,5146424,OT,OL,unsupported_position_target
2f13e2767b150dcffc95f62c51ca5b5312c311f2ba8b935c212341748e089910,2026,5141470,OT,OL,unsupported_position_target
9d9bf29b64f56bb8a1858b5feda1f2539b4b9c4de77892995a6785d43877e51b,2026,5154344,OT,OL,unsupported_position_target
f2a375dd00e8f56a5dd7099b1b269f71d0bfbca2f7906044d6c532b405052489,2026,4899475,OT,OL,unsupported_position_target
deddd47cb2a8ce9789f70b58213a78497aabee289ec323136648518f42d7c7ee,2026,4880352,IOL,OL,unsupported_position_target
d30a8bf76bbfd7c7000f6e17d072d9cb2cb32d5741936dc2b4ab5db132858e24,2026,4702728,IOL,OL,unsupported_position_target
6df888f736f957e548b506f538f8c89a13bcbcb7fe7a7054f541309b7bfdcf45,2026,5126569,IOL,OL,unsupported_position_target
434c8521027a90a018b29d4acf1d7b8f262858fe8f888a6d5bac6444b8e64771,2026,5157303,OT,OL,unsupported_position_target
0faff8faf9b6a052fee5af67893cd6969bb2bc7d8396d4a60de193d8181f9692,2026,5163541,P,P,insufficient_locked_v2_validation_evidence
6aca004a4004816d464ac48919674b67634814a6e0ff1cb326b048c9056b379b,2026,4872725,IOL,OL,unsupported_position_target
fe80d9953be92c840ae9da92b219508ca51ec796f71dec6fb8804af5ac63861f,2026,4869992,IOL,OL,unsupported_position_target
675a37cfd9b4472b9607352909d24c47c5a543700d195e18db7314124a2ee96f,2026,5258440,IOL,OL,unsupported_position_target
16f3197ec82004b986e304b147af4cf07d3d64b2311d85229a59b5e7fe3ba67a,2026,4831973,IOL,OL,unsupported_position_target
d88b55faf860e81e25b741a56cd4ee36db5c53575f05324fcce540dd3a61e20d,2026,5088418,P,P,insufficient_locked_v2_validation_evidence
0a4781aada72489c8445b4d06219acc8a733d8184c2a871937beb513f89b6e04,2026,4714496,OT,OL,unsupported_position_target
dcd2595f576ce689e59438c195f323dac7fc9235fda18c43f6691fd20c4058ad,2026,5295365,P,P,insufficient_locked_v2_validation_evidence
fa5cbc00df2ec00d2996d86f023fb332097da7364dd5a614ed075cb90545f0fd,2026,5151049,IOL,OL,unsupported_position_target
9a7ee533b84ed7daaac72f1e9d6c1d43a25f9e7a40f127ce0c9388aac2ff62c6,2026,4869807,OT,OL,unsupported_position_target
5b016164755f71c35dc2d3561df4d42192e8ea6a3ab2b93d8cc4732d6096e493,2026,4816326,OT,OL,unsupported_position_target
bf4323041411ef8457bc57ae6ddf20fd9ba9845afda2a6abb3fc14bc65b5351e,2026,4685378,OT,OL,unsupported_position_target
8f1ea2abcb376829192a01ede33f7dc896d9707ae78055200facf3738f18d1ad,2026,5146314,OT,OL,unsupported_position_target
5bcc353d2d0e42420f3ebff134eb35abe54281c524c2f6bb244c04532af212ed,2026,5215538,IOL,OL,unsupported_position_target
1793d81e4d36385c8212d3edc77c7be85976f894fb97d41707f6de8ca2301efc,2026,5307060,OT,OL,unsupported_position_target
e0d24da14c92a0269b556cdabdd8ba3267da73356a04afc4fb4c50cbbe6d0a32,2026,5125334,OT,OL,unsupported_position_target
0e8bd211ed79ac16263f560e02fdb451ef85f8dbd7edce73d470380b74055b2d,2026,5214818,OT,OL,unsupported_position_target
1c513deaaf99fa547a6c9fa994e0de2ffb118ceebee320c497141257539f19f1,2026,5079294,IOL,OL,unsupported_position_target
8770f3e462761b3d7cd7ad1136ea003e841a7da1de314433088d40359a33eacf,2026,5144800,IOL,OL,unsupported_position_target
581a7c98bb2ca26fb23999cea027ff2b0ea4adbe1afd93049f493617c0e25048,2026,5216571,IOL,OL,unsupported_position_target
5ed43ee509d31a1a9156b5b0fe48c94fe0be0f4c2003b0a6372babdb8f88c290,2026,5092420,IOL,OL,unsupported_position_target
3eaf3e113387beb727d50cc9274a5ec2df46f046e120dd7a7cfc3e6b08c6007c,2026,5147721,IOL,OL,unsupported_position_target
2ae1f1a1522aaf7775e3c57ccb6bd8d90ed69bacb84d8d1d8178abeb75ce91df,2026,5205096,IOL,OL,unsupported_position_target
e9dfface4aa2183c6bc4f708db17a1efa569a45e69444a2c4244021c6b80e009,2026,5141713,IOL,OL,unsupported_position_target
c884bd5ecb79ed92381b93af91009f661d813388150550b298ab60e10fe4b1c2,2026,5083425,IOL,OL,unsupported_position_target
f6ee76070c311d01deb43d9dbe90b24e4abf7e07d69f423dc02f4984ad66ecc0,2026,5151522,P,P,insufficient_locked_v2_validation_evidence
c07ae090d1d33969e55f0a73b88687a65ca1873e84ddddbd77db3dbc61525ca2,2026,5214472,IOL,OL,unsupported_position_target
70a91d9ab6817960fd9740c221f9b26502042c40127b922c58af9bde2cce237e,2026,4921398,OT,OL,unsupported_position_target
ccf7c14e1c9784c20932ea8c145e6e4438bc7d7f8f9368a8d16fca73ac41d2f0,2026,4870594,IOL,OL,unsupported_position_target
8c3e45023ff7e6d998b59f7216acdfb1eab14831f4118537d6523e964ff622ea,2026,5088234,OT,OL,unsupported_position_target
c10b728dcb6afaa5810847d12f341a479b8edd3df731e0c8268b4e3d5021f28a,2026,5214458,OT,OL,unsupported_position_target
c899a260d20c3522bbeae8dc6e08055690eb33f4959f335178f93b13923600ce,2026,5164657,OT,OL,unsupported_position_target
a6dc507e6a43a1aa738f7ef5ef3149ee1213927d4fecd50bde56749f6c85480a,2026,5117082,IOL,OL,unsupported_position_target
5be2fc28ea51b6bab3998ea6b7452f94e3d9873010ada1c7df1a98f1a72782bb,2026,4911931,IOL,OL,unsupported_position_target
be937878571f4029a23d5a9542204fd0d55ced0ae19158893c197c6e7ffad207,2026,4884000,IOL,OL,unsupported_position_target
ca9f47800771d90bcf176414a4c8c0fba7eef8317124eb7e77539006b1ec12af,2026,4839485,IOL,OL,unsupported_position_target
947acf98db0730037c1a01765fef8bb836017f0fc04e94ff66a4664aba252351,2026,5168859,P,P,insufficient_locked_v2_validation_evidence
81940da2c5bb0d52ca89d8534dccadaa628a06be695c66e74b6de3e76840032c,2026,5220126,LS,LS,unsupported_position_target
2e3f65da45308ac7f1610c57c171f3d695050a8c42fe9cd6490b5e2658472f01,2026,4685558,IOL,OL,unsupported_position_target
908c50765027f11e2b89e94cbb58492861be3b38ffefe0f667705b20c83a995e,2026,5218765,OT,OL,unsupported_position_target
4738d876ccb333b381ac61de8e73106be6741564818a07e3263cefdf2f9bfc31,2026,5086168,OT,OL,unsupported_position_target
8aec07bfb43ebcca9d0a8ba98dfa733e828f401115ab5eb7222b263dbbedd972,2026,5086169,IOL,OL,unsupported_position_target
bde81a29fdaaa3f1298f50ab751494cbeaf2fe425c575e6c0629b712d8e7a23a,2026,5171079,LS,LS,unsupported_position_target
cab84ff8a0557b097ab694108bd330ef9b7a355da7c27c235ea5a613c603774a,2026,4832848,OT,OL,unsupported_position_target
003a04010a546a9c19cd98bc6466369cacca32c4561158675119346791dbc5b2,2026,5148625,OT,OL,unsupported_position_target
c5870d2e76ca3258ae845d09ed39dc8addaf209c2ea176c26d16d276d4234db0,2026,5099874,IOL,OL,unsupported_position_target
61e7cb28a00a6c814aca0645a4b3184fb2ab879d4c22aaaebc826a39df31bc89,2026,5154241,IOL,OL,unsupported_position_target
a88701128b31494148628b6be3df75a6efd7a4535b7d06ad289c9ae0ebbe74f5,2026,5225955,OT,OL,unsupported_position_target
41f8ecac9e4ce343c641f9aa90b497bc214994ceffe2ecd0326ce764b9c9881c,2026,4812378,IOL,OL,unsupported_position_target
e3d95167b7cd52eecc2f0b6f926f42e53dcfc227bc08aee21af371eecdf92758,2026,5080140,OT,OL,unsupported_position_target
7ecbc2c2e65574be00b2d9dee230d0bb27c2075bd84c453497b144990a6edeb8,2026,5225820,IOL,OL,unsupported_position_target
560e8f36f24b255b2f69ab78c1ed227a6581bd6b5b6def4fb6e9f79544a22b00,2026,5331989,IOL,OL,unsupported_position_target
40c499608020871ad079f9d3272b63dcef149b7f17d9ce51ff799cdfbf18330c,2026,5156434,OT,OL,unsupported_position_target
cf2009824fbc4e145925d326ef77553d845576361ab0379dc627ea9e0609a672,2026,5149832,IOL,OL,unsupported_position_target
53994205c4b8c23ce14054369ac21921f4495c66a05b09207da9fbec45d0c6fb,2026,5198051,OT,OL,unsupported_position_target
03f5f0f96293dd9d83ad08b5fc7a5ca43f7721789bc3e9326b3346f5585365ca,2026,5383055,IOL,OL,unsupported_position_target
677bbe75bf2aa5cbf53dbbd52a782daff0da6243a7d40b6a603506f40673de7e,2026,5152253,IOL,OL,unsupported_position_target
4416d88fcacc1e0abc372b00a848474608819bf8e4fc6050455dada6aae9bdbe,2026,4879662,OT,OL,unsupported_position_target
b6e788d648ba2c44460273012803a0d5721b68e1c24d96e1632477a88fe29a5f,2026,5184023,IOL,OL,unsupported_position_target
d44602f1ba7b5236132116ed032d8e385f19fbaea25e0116db7a7c0220b682ae,2026,5085334,IOL,OL,unsupported_position_target
735328d91f1d8a6cc810bd4d957fb359feff9dd636f26a26f3041b443e4d968a,2026,5092216,P,P,insufficient_locked_v2_validation_evidence
5d7a27d0d5676c3c75716795999fc223d79bacd3597c012c828e20c9758b3fe1,2026,5146854,OT,OL,unsupported_position_target
f65073b4ed7a434eeef6bd1656a10dc623c2c31b18d4f3ee3ec0d9a791df8d7c,2026,4921451,OT,OL,unsupported_position_target
17e920b00deedd033fde7a7f3168201dacb9a222f2330ef5efe809c89d2f6162,2026,4726128,OT,OL,unsupported_position_target
7346a8d7f904d854553484ef214c987bbcc4529dbc1e074851ad18231db17c61,2026,4685737,IOL,OL,unsupported_position_target
80042be70e848281e065a774242441e59eb387317ddfb02aec664669d0d1bce5,2026,4921396,OT,OL,unsupported_position_target
5e7d2f4cc4c4748bfc078ce84f3d90768176b501f53467152eee98a21bbd8031,2026,5220368,P,P,insufficient_locked_v2_validation_evidence
66189bbc7c8f641eb67bfb93220fb6fc4ddb795fe249a75a919a5ac0e300affb,2026,4910827,LS,LS,unsupported_position_target
2760a5682ea437c9bb81285b4acbade213257aafb549a2af725b08d66c534104,2026,5157329,IOL,OL,unsupported_position_target
a41d09ea624f8f1568329c9fc8fb2bebf209b02f99c1e2bd452dce713037dbcf,2026,5083881,LS,LS,unsupported_position_target
5225f8b9592e102d801335c328a425bf312900d776ba57b859756db944840ad9,2026,5077875,IOL,OL,unsupported_position_target
cb508cabc26d74e426f71c77d8ddba969053cc73cc681458800046e0abec940c,2026,5084987,OT,OL,unsupported_position_target
01e2aa7f0c834aab934357ce4262834f136eb7e7ed7a9e3d1e2595b243e6b443,2026,5146777,IOL,OL,unsupported_position_target
0ac9945c46e7d7d180a884bb33c9f56d55e1058b5b9a6aba3fb4bded61cc0ab6,2026,5125906,OT,OL,unsupported_position_target
4a33575512e70df164c339a08fd7f1f96a968105f91cde3384684c99cd01d908,2026,5230158,IOL,OL,unsupported_position_target
76e90f26efc5c796af64262b9579175fa6368f059ea561b3debc9ebd90e5b1f1,2026,5212660,IOL,OL,unsupported_position_target
6a9fc39211b469678b5642292906ebe61a2c7915233f7a51801ea6b341326b88,2026,4612838,IOL,OL,unsupported_position_target
d22743103bbb5e88e190e5f47f173f022911b92a61e32926f7fdc6ebe8bd62ef,2026,5147727,IOL,OL,unsupported_position_target
5593f57d72d307845c430b9784a560394f94472405c90c22026572928e84be62,2026,4869966,IOL,OL,unsupported_position_target
3bddb857fcd8dff2e2b46365f2edfca7d7d931801a3daee9a8177f2c7dffa66b,2026,5160356,OT,OL,unsupported_position_target
513882dbd4b3e1c582a6a09392beef4214b6784d28af207b8539c791e6131a59,2026,4941017,IOL,OL,unsupported_position_target
4db08e49f4363145ed9c47dfd7d3b82ea12193696d1cc78864e0ac11e97a5a31,2026,4923031,IOL,OL,unsupported_position_target
5c61865fb860805d7e9e78bac753f87983d051195ab61704de90e7fe770270b6,2026,5126540,IOL,OL,unsupported_position_target
6a9ab466629868f7912941e15894dfbd801bbc105d0f2282639550db8b887362,2026,5155799,IOL,OL,unsupported_position_target
00b2c1945772ae2b00262cae3eeaabb98bedcf80ce6b65f1b0dc5f382bc3b745,2026,5102026,IOL,OL,unsupported_position_target
413bfca5023d15a16e20fdfe48992ae26a6dfff1f745ddab7de031a1f99360a0,2026,5092215,P,P,insufficient_locked_v2_validation_evidence
7628de5977eb36a0d534c645a5945c8b751ae7115ed93c896576f39522c3318a,2026,4575746,IOL,OL,unsupported_position_target
5b6478818ee27c31cef1fe27715740839fb97df6d592fb5e5d79e0e1a0a74090,2026,5123842,OT,OL,unsupported_position_target
2bc0ba8d7be4e6a2e9de18b8af55a858a8ad71af643e0790364c4f51d4f729fa,2026,5214469,IOL,OL,unsupported_position_target
182aa79b65e39d36aea5fb4db994c59c7771865924dc20aeeef26df9cce23b0f,2026,5152213,OT,OL,unsupported_position_target
30f622e58c014a8ef9d6c9a07ba889225b66bbffb019523b387aabf1de6037a6,2026,5076126,IOL,OL,unsupported_position_target
263ea08f6e4234ea7d1370314ba949dc925241778ac68452176d8b46cabfc2ac,2026,5079333,IOL,OL,unsupported_position_target
9d8ee44d1e68663ecf4fa0d9d8fdb0c9268869816cc7cb089ae39e7b1fbd6e8c,2026,5172606,OT,OL,unsupported_position_target
48b9c1c55b4b80f798f9a8f349ad818df591323ee291800e257ef30bf06537ba,2026,5146315,OT,OL,unsupported_position_target
52db12dfa925aea9f2cc80bee68840257bbff1d69d0158dc0c296f186c4295cb,2026,5078314,OT,OL,unsupported_position_target
69eef4c61ff7d15b086c9c1868c4d85a3300ff8479a07f96e68eb4d4462372f4,2026,5153955,IOL,OL,unsupported_position_target
546026f57a2e69e8a056bc473320cc15e3ca87c1732a7d7958ab3505b1640bc1,2026,5078048,IOL,OL,unsupported_position_target
dfe483724139db404722de0b4a099182d0fd764126281956f7927a9a8c7e13f3,2026,4909259,IOL,OL,unsupported_position_target
4d9eec7feb41da11cd512339225e7277c417ea1a5c1bb31125eb212185e6ba50,2026,4705793,IOL,OL,unsupported_position_target
220b8632c994d310371c259c9264e2fb566c5feda79924f66f3e1cb16614acf8,2026,4683720,IOL,OL,unsupported_position_target
b220ad1c7b2fbe5c83259c93857bac5d41c97123496041c7f12ee7c7e0957016,2026,5227960,OT,OL,unsupported_position_target
3dd61d81f3504caaf874ac3eff0d89382942db347b0b945c0d1fd03ff4614507,2026,5085766,OT,OL,unsupported_position_target
01b835381c4f598db239e7a386baff9af5ac70564d238b17d8f047e2e41c4592,2026,4898017,OT,OL,unsupported_position_target
46ec51913d19e9f2c631aba606eebfa621887b05a95f952f90204d8db03b5be7,2026,5085627,IOL,OL,unsupported_position_target
94338bfdceae3249e8609c43c12dd63b59d3f83024c1f2700b3b8afeae9f09ce,2026,4917625,IOL,OL,unsupported_position_target
f7635207bb1994564986057d3edf6184fa5df7d98bf916dfe8b7c4ecdf61375a,2026,5146796,OT,OL,unsupported_position_target
ff7bd6ba72ffd0f0da538add7019efe88e00909511dd5dad430574a816432c0c,2026,4870692,IOL,OL,unsupported_position_target
1c2760098ff5003f7ecbfa9c59d3778e811ffee886046eeea7b5af302a7172b8,2026,5152813,IOL,OL,unsupported_position_target
fb48ca0c908e7e704a664b938ff1bb6b2bbec0834da017c917bde8638bc5766d,2026,5169057,OT,OL,unsupported_position_target
db712240910296a825bf5673847e5c253f3d220e53a0a6ac9b2eb11599f93352,2026,5296026,IOL,OL,unsupported_position_target
ed71a8af123593e68585d688f7c3e3638c1e397e75f1bfae288aa9031dc7f410,2026,4870678,IOL,OL,unsupported_position_target
cf442a668acaaa50654c595a14c67b1e4ca1e95492caf38cce59a07e7e0f91bf,2026,5162404,LS,LS,unsupported_position_target
4ebfdca491fe258f08cade4500fc3b39beca5ed4d191ea5e4a6473fbaa96432d,2026,5087142,OT,OL,unsupported_position_target
fab62da44133d3faee68b8e40edba5c5d39b8262b8666c0be82a2dd7f6db318a,2026,5089293,IOL,OL,unsupported_position_target
c6bf04e5a88eca0aa33248103003eb7b391ea11f073da1c5301ccf583531f518,2026,5225230,OT,OL,unsupported_position_target
e2db4940dd2604d3477dad553b386795a3c09399f037255af217a5c3268ab9c5,2026,5211186,OT,OL,unsupported_position_target
817ae8ab6eb88b79d95198b780b683a7d056f172606139adc356abade0e52095,2026,5088809,IOL,OL,unsupported_position_target
9d8d7af9e1bcb676e4ac1cb2aa3f5c1b9acb61508271f0065e80faf6da88ac0b,2026,5298080,OT,OL,unsupported_position_target
7c44933eb04c490fa08f3825e4799f22d23f44b3725b92fe15f1185e6a51c49d,2026,5124331,OT,OL,unsupported_position_target
578bd5892c1104e1431335cd10a55efc1b9d174749e887cab81729ed77338853,2026,5152860,IOL,OL,unsupported_position_target
29915db2a2c917c41b0ca476ef2d29524f0139c3564e6c21ae176d07c6e4829c,2026,5083819,OT,OL,unsupported_position_target
a1bdc1ea9c227d129732e130728d582d9117c4f387fba9a1671c8a94f8e549cd,2026,5155865,IOL,OL,unsupported_position_target
7686492d74a62e049b1953571994ffa1195aa43c5faf8faafbc881d5825846aa,2026,5079554,OT,OL,unsupported_position_target
06ea2f8307d056372fb68ad16cc308387752b6c4bade10ddc26b1ab50c13ae8f,2026,5125728,OT,OL,unsupported_position_target
ff4a7df5cfca8934f080c4ee007be78fcb59b00e876275805b0d7c98ea159ac5,2026,5078908,IOL,OL,unsupported_position_target
66b7ae5bbb71f6dde5d23d3c8e9833e569ab3dacc0d784651ea3407e44f722a8,2026,5296205,OT,OL,unsupported_position_target
7db1ee60368c1882eb2202f21a86ec6012a54219d9a2b19a31bab5995c4f3ad4,2026,4869496,OT,OL,unsupported_position_target
d1034ae60f43f7eb6de29a9a84790aff0f728fbdb0b64852f2c6d8cbb62eb287,2026,4879815,OT,OL,unsupported_position_target
2afbb90c880d6f8497c14d9d22caee49b9deba56fa0ae0d9511e6337231fa3a4,2026,5154544,OT,OL,unsupported_position_target
46c9fd2f473c0c6c25ef586428327f69db034af6fd1aee9492a746cade191754,2026,5265452,OT,OL,unsupported_position_target
98d9d0ca6be52c1ebe70977fe036d6760d1659d0c16d9e3c1cb8f80cc052a619,2026,4896022,OT,OL,unsupported_position_target
d2ecf7a4c387475ac7621819e41882519842cf5b149cb882be5edd1860c296c1,2026,5233649,IOL,OL,unsupported_position_target
6a950c3bd809502bc5e366fb7af42d430559d69a7fa7b3ba4c704cf789c6dee3,2026,5083267,OT,OL,unsupported_position_target
592eb00eaf31f87e464354505046cde404c68acdb13136f131c7457c0fc52aa8,2026,5153454,OT,OL,unsupported_position_target
98f719bdb5be1b38fe76656330804cfd89db517307da5c9f6dfac13eaba33ad2,2026,4832818,OT,OL,unsupported_position_target
9df2bcce7fe23cd9e31d7bb0980a9da5cd56fdcef4c5fecea51e86e9ad3e3171,2026,5078424,OT,OL,unsupported_position_target
8aab7ded918582d2d855d53ca8df25c73eb6eeb819bd9a9aa2c72eab8b35486e,2026,4956740,OT,OL,unsupported_position_target
5f60691aed458a1a317b83355cd1ee329e45eba8a5a56536a643f033acdb8847,2026,5084421,OT,OL,unsupported_position_target
0cb99e1e309080ec8166bb721126e797390bfcd2f098f3050cdeb18c337b3297,2026,4920144,OT,OL,unsupported_position_target
c0b5babdb03010ee9847d9f0077c98a2ec5676506a29c294dcd75c51b2ddfd95,2026,5153407,OT,OL,unsupported_position_target
1695f36cb346a9cda2793671b067af6fa56fbed9bdfad777aacbe70818c1431c,2026,5093983,IOL,OL,unsupported_position_target
7ddcaa65e5844580c07f55cc21a89fa6f8b973399860fdcfc16ad1b1426e3ed4,2026,5154523,IOL,OL,unsupported_position_target
b49f52aff2333c30178ff45484240203cf4f96c1ae033c9997ac12a012d09d0f,2026,5122108,LS,LS,unsupported_position_target
d330a04d0277d94911985d64cf7adfac27755be8af5c44e793567095cb0c1120,2026,5086030,P,P,insufficient_locked_v2_validation_evidence
