audit_group,portal_key,portal_season,transfer_date,portal_first_name,portal_last_name,portal_position,origin,destination,predicted_status,predicted_player_id,predicted_score,score_margin,match_strategy,roster_match_season,matched_first_name,matched_last_name,matched_position,matched_team,runner_up_player_id,runner_up_first_name,runner_up_last_name,runner_up_score,expected_player_id,label_outcome,reviewer,notes
next_season_fallback_census,178314a7083cd4c31489d81b29dd24b6a46a280246c955ad8293bd0c52608e08,2021,2021-02-03T00:00:00.000Z,Jacob,Kibodi,RB,Incarnate Word,Louisiana,resolved,4240911,1.0,0.583766,next_season_fallback,2022,Jacob,Kibodi,RB,Louisiana,5096288,Taelon,Nicholas,0.416234,,,,
next_season_fallback_census,d8c842ff5e01a853142769f86f97b6ea66e5e8098f350332ed658eb1499bec82,2021,2020-11-11T00:00:00.000Z,Sean,Fitzgerald,IOL,Coastal Carolina,Missouri State,resolved,4258176,1.0,0.128571,next_season_fallback,2022,Sean,Fitzgerald,OL,Missouri State,4368194,Ian,Fitzgerald,0.871429,,,,
next_season_fallback_census,f6b93a25ea97428947ec3101b24e53458c4eb8daa2f1413cf672949dfee9542f,2021,2021-01-20T00:00:00.000Z,Christian,Braswell,CB,Temple,Rutgers,resolved,4257580,1.0,0.465385,next_season_fallback,2022,Christian,Braswell,DB,Rutgers,4372459,Christian,Izien,0.534615,,,,
next_season_fallback_census,ac9e8bd9e5e3054639fef99d8195c793e316f21eb9b4383f5850eeeb0dcbb708,2021,2020-11-23T00:00:00.000Z,Titus,Jones,IOL,Memphis,Nicholls,resolved,4371755,1.0,0.473846,next_season_fallback,2022,Titus,Jones,OL,Nicholls,4371254,Jeremiah,James,0.526154,,,,
next_season_fallback_census,931fa969ec9a7e709d6b13325a8a79ef56a66cf9035c4203a3c1d362d38cb97b,2021,2021-06-25T16:19:00.000Z,Kevric,Wiggins,CB,UL Monroe,Jackson State,resolved,4428852,0.976923,0.434066,next_season_fallback,2022,Ke'Vric,Wiggins Jr.,DB,Jackson State,4360237,John,Huggins,0.542857,,,,
next_season_fallback_census,19c9a480fa5d32a044f669621b684c5533383b8b1326bb414549b9d7dd23b4cb,2021,2020-09-25T00:00:00.000Z,Dylan,Boles,DL,Stanford,Northern Iowa,resolved,4255953,1.0,0.440909,next_season_fallback,2022,Dylan,Boles,DL,Northern Iowa,4696459,Cannon,Butler,0.559091,,,,
next_season_fallback_census,7b25536d443831d6e1b3361c3c13ac6ebfb3bd41cd58d2fa5267a171f4ebb2cc,2021,2021-07-15T09:01:00.000Z,Kevin,Tyler,OT,Illinois,Prairie View A&M,resolved,4696697,1.0,0.364286,next_season_fallback,2022,Kevin,Tyler,OL,Prairie View A&M,4578672,Arrington,Taylor,0.635714,,,,
next_season_fallback_census,90f33f6a31496e2f63fb993ce4beb2a11af1a024f88fada6d0d503ad7238030f,2021,2021-06-10T00:00:00.000Z,Robert,Cooper,DL,Boise State,Eastern Washington,resolved,4695494,1.0,0.588462,next_season_fallback,2022,Robert,Cooper,DL,Eastern Washington,4695196,Sandrey,Mitberg,0.411538,,,,
next_season_fallback_census,d4e366b86e82020fd19c0f9b40b85b90c0db47406198115f51c9b4239986df42,2021,2021-05-10T00:00:00.000Z,Nolan,Quinlan,TE,Wagner,UL Monroe,resolved,4368483,1.0,0.539697,next_season_fallback,2022,Nolan,Quinlan,TE,UL Monroe,4426996,Jordan,Crumpton,0.460303,,,,
next_season_fallback_census,08e11f36d0da5d0afa2f83ef580f09c1b466878e3f4a0664ffd102dea51ac3f2,2021,2020-08-22T00:00:00.000Z,Tony,Gray,OT,UCF,Jackson State,resolved,4711031,1.0,0.410909,next_season_fallback,2022,Tony,Gray,OL,Jackson State,4769968,Deontae,Graham,0.589091,,,,
next_season_fallback_census,bb4243feffc11db57fcad29a71a638ed67bf3831e1f940cf02ff0f34bb633e76,2021,2021-05-07T00:00:00.000Z,Josh,Calvert,ILB,Washington,Utah,resolved,4439846,1.0,0.233333,next_season_fallback,2022,Josh,Calvert,LB,Utah,4433964,Ethan,Calvert,0.766667,,,,
next_season_fallback_census,317840cea7240ce410cdfde331f920b302c69f0ad9656520a941b855770c56cf,2021,2021-06-28T20:54:00.000Z,Brevyn,Jones,OT,Illinois,Jacksonville State,resolved,4427662,1.0,0.445385,next_season_fallback,2022,Brevyn,Jones,OL,Jacksonville State,4570943,Treylen,Brown,0.554615,,,,
next_season_fallback_census,1737e71fac4b4a1bd006db078c428d794b099bd9b4767c2ebdccc00e33185fd6,2021,2021-04-05T00:00:00.000Z,Jeremiah,Harris,LB,Kansas State,Prairie View A&M,resolved,4890572,1.0,0.554167,next_season_fallback,2022,Jeremiah,Harris,LB,Prairie View A&M,4370949,DePriest,Taylor,0.445833,,,,
next_season_fallback_census,3fffe5b4afcb55ca6e41263aabd354f0b785b477e8a0e78d9416b388d3ef8cd4,2021,2020-11-25T00:00:00.000Z,Elijah,Bowick,WR,Virginia Tech,North Carolina A&T,resolved,4426748,1.0,0.465385,next_season_fallback,2022,Elijah,Bowick,WR,North Carolina A&T,5086946,Elijah,Kennedy,0.534615,,,,
next_season_fallback_census,fa4b7ec7458823ddd3965516423d7b867311204674844512357ed286248347b3,2021,2021-03-03T00:00:00.000Z,Jalen,Jackson,WR,Kennesaw State,UL Monroe,resolved,4366090,1.0,0.233333,next_season_fallback,2022,Jalen,Jackson,WR,UL Monroe,4258409,Zach,Jackson,0.766667,,,,
next_season_fallback_census,bf2f5b66d4cad32bb1939f1ef123fd260af9c823d7e90fc57738473221c4ed41,2021,2021-04-27T00:00:00.000Z,Erwin,Byrd,CB,Maryland,Kennesaw State,resolved,4426843,1.0,0.482692,next_season_fallback,2022,Erwin,Byrd,DB,Kennesaw State,4696098,Sharmari,Reed,0.517308,,,,
next_season_fallback_census,d5cb501023c5502a11d7993b1ad37c4815c87308da3bd11950089fcccd34f76c,2021,2020-12-14T00:00:00.000Z,Chico,Bennett Jr.,EDGE,Georgia Tech,Virginia,resolved,4568270,1.0,0.666667,next_season_fallback,2022,Chico,Bennett Jr.,DE,Virginia,4367535,Paul,Akere,0.333333,,,,
next_season_fallback_census,057b11cf9e8f50d8aaf62d12bb9c2a8eec97f9a7aa674861014d27e6fd2c950e,2021,2021-06-15T00:00:00.000Z,Stacey,Wilkins,OT,Oklahoma,UL Monroe,resolved,4430725,1.0,0.489286,next_season_fallback,2022,Stacey,Wilkins,OL,UL Monroe,4612828,Keydrell,Lewis,0.510714,,,,
next_season_fallback_census,c3a4d35c1afdc5eb8b1eb9cd17f6291a01eb273ab32a898d3661300bc93a4f84,2021,2021-01-18T00:00:00.000Z,James,Sylvester,EDGE,Baylor,Stephen F. Austin,resolved,4430881,1.0,0.57,next_season_fallback,2022,James,Sylvester,DE,Stephen F. Austin,5091802,Aaron,Castro,0.43,,,,
next_season_fallback_census,23eb8b8cc23239b50818c3c19e13b4f4fe89379192599f7b61f725a8d435abe7,2021,2021-02-03T10:10:00.000Z,Kaleb,Boateng,OT,Clemson,Florida,resolved,4426738,1.0,0.487063,next_season_fallback,2022,Kaleb,Boateng,OL,Florida,4684459,Kamryn,Waites,0.512937,,,,
next_season_fallback_census,925baf98bb794a25cea2d145c0cefcfca2cf2a91e870b17e2909ecbe2f7d500a,2021,2021-01-27T00:00:00.000Z,TaMerik,Williams,RB,SMU,North Dakota State,resolved,4360564,1.0,0.558036,next_season_fallback,2022,TaMerik,Williams,RB,North Dakota State,4693322,Dominic,Gonnella,0.441964,,,,
next_season_fallback_census,9d8e4d832f0e8d0e47209cae73983ffc1474563f6dfd749a698a11b295f64ebe,2021,2021-05-12T00:00:00.000Z,Tyreke,Johnson,CB,Ohio State,Nebraska,resolved,4361343,1.0,0.456667,next_season_fallback,2022,Tyreke,Johnson,DB,Nebraska,4872463,Taveon,Thompson,0.543333,,,,
next_season_fallback_census,04b4d17859347187a4eab6a8a2940e9c34c063c615b74d0dfbcd53cc5fbc7c22,2021,2021-04-01T00:00:00.000Z,Qualeem,Charles,OT,American International,Massachusetts,resolved,4880343,1.0,0.571678,next_season_fallback,2022,Qualeem,Charles,OL,Massachusetts,4362550,Cole,Garcia,0.428322,,,,
next_season_fallback_census,81e7fd53e6dfa5ed784eb7359da891d64271aac9fbcd489b490850bed52bf257,2021,2020-12-24T00:00:00.000Z,Stanley,King,WR,Rutgers,Northwestern State,resolved,4429989,1.0,0.257143,next_season_fallback,2022,Stanley,King,WR,Northwestern State,5084460,Ke'Nard,King,0.742857,,,,
next_season_fallback_census,17cb02f5e737f76a5ab7a385755692b3565fea2c58dd38d0db9c3df1d417d38d,2021,2021-01-28T00:00:00.000Z,Devin,Mathews,WR,Navy,Wofford,resolved,4568528,1.0,0.546667,next_season_fallback,2022,Devin,Mathews,WR,Wofford,5084518,Dylan,Djete,0.453333,,,,
next_season_fallback_census,9d0cba197864cd6917a9971d109cb8da4aa63b37eee189cf2a5221318276c9e3,2021,2021-03-06T00:00:00.000Z,Jacob,Kainer,TE,Tulsa,Sam Houston,resolved,4685088,1.0,0.540909,next_season_fallback,2022,Jacob,Kainer,TE,Sam Houston,4579264,Dalton,Meyer,0.459091,,,,
next_season_fallback_census,ac0088df3e5663a42f6b516601cfccbf1d75b4445ef69c657a3d5bff723bd748,2021,2021-06-25T19:03:00.000Z,Jalen,Neal,CB,Boise State,Boise State,resolved,4880197,1.0,0.455051,next_season_fallback,2022,Jalen,Neal,DB,Boise State,4695490,Jaylen,Clark,0.544949,,,,
next_season_fallback_census,10d2d41895e63faff1aec0f13e3d87e594c6a131e1ed7b6c92d99bb4ac390065,2021,2020-12-31T00:00:00.000Z,Heneli,Bloomfield,OG,Utah State,Oregon State,resolved,4686927,1.0,0.558421,next_season_fallback,2022,Heneli,Bloomfield,OL,Oregon State,4374043,Jake,Levengood,0.441579,,,,
next_season_fallback_census,eab0dc61855beca15864f87b9fd610b92b34d66a2317dcedfb37e701a55abe1b,2021,2020-12-28T00:00:00.000Z,James,Bomba,TE,Miami (OH),Indiana,resolved,4565878,1.0,0.564286,next_season_fallback,2022,James,Bomba,TE,Indiana,4576297,AJ,Barner,0.435714,,,,
next_season_fallback_census,6c794c7da4af3f2620b27320590f60aef085e51f30d7cc1c27238546457b1ced,2021,2021-01-15T00:00:00.000Z,Dennis,Robinson,WR,Northern Illinois,Texas State,resolved,4258571,1.0,0.25,next_season_fallback,2022,Dennis,Robinson,WR,Texas State,4433882,Ahmirr,Robinson,0.75,,,,
next_season_fallback_census,ccebc113505e4990d91c7d993dd79b7b4432677e93150efd57b9c200d31291dd,2021,2020-11-03T00:00:00.000Z,Brian,Foley,OG,Holy Cross,Duke,resolved,4247707,1.0,0.45,next_season_fallback,2022,Brian,Foley,OL,Duke,4689117,Brian,Parker II,0.55,,,,
next_season_fallback_census,d52221e0d0690b8841e8acacdd5b4471b6ac8a3108f80f33539ec2d89a98a511,2021,2020-10-29T00:00:00.000Z,Jahmon,McClendon,RB,UCLA,SE Louisiana,resolved,4427941,1.0,0.529221,next_season_fallback,2022,Jahmon,McClendon,RB,SE Louisiana,4371032,Taron,Jones,0.470779,,,,
next_season_fallback_census,82340593f7c2be6272291defc03ea2d7ea258120ad39f8ddf8d0b191cd236b7f,2021,2021-06-23T13:15:00.000Z,Malachi,Wideman,WR,Tennessee,Jackson State,resolved,4692660,1.0,0.475824,next_season_fallback,2022,Malachi,Wideman,WR,Jackson State,4694694,Dallas,Daniels,0.524176,,,,
next_season_fallback_census,bbfa38ee919b5e0052e0d7dd70731a4afed7e26f68db2b8f695fef162d3526a2,2021,2021-03-01T00:00:00.000Z,Alex,Angus,LB,East Carolina,North Carolina A&T,resolved,4567460,1.0,0.516667,next_season_fallback,2022,Alex,Angus,LB,North Carolina A&T,4882132,Malik,Jacobs,0.483333,,,,
next_season_fallback_census,dbb2cafe170a1d0372da9970c9138fb82ddcaf7c7e10f027c6c88ab0bcfbc62e,2021,2021-07-31T14:46:00.000Z,Cameron,Wilkins,LB,Missouri,UTSA,resolved,4362762,1.0,0.425,next_season_fallback,2022,Cameron,Wilkins,LB,UTSA,4714293,Caleb,Lewis,0.575,,,,
next_season_fallback_census,baf712282eb9c6c8ec923223d8c5b325833d4597f866d24522e400d8a82bb033,2021,2020-08-25T00:00:00.000Z,Rahmon,Hart,WR,Ball State,Duquesne,resolved,4779456,1.0,0.458571,next_season_fallback,2022,Rahmon,Hart Jr.,WR,Duquesne,4572897,Rahmiere,Knight,0.541429,,,,
next_season_fallback_census,d098b4b0d89d02451fd822a0ee6d2b902a367370681602c00be29832816ffc18,2021,2021-05-25T00:00:00.000Z,Christian,Gelov,QB,TCU,Purdue,resolved,4690801,1.0,0.5375,next_season_fallback,2022,Christian,Gelov,QB,Purdue,4430829,Michael,Alaimo,0.4625,,,,
next_season_fallback_census,acc7e0a62d87480b220681d5fc0dbd6d9faa828c71c6e2a73040a4c4e8a3eb94,2021,2021-06-29T13:49:00.000Z,Blaise,Sparks,OT,Illinois,Delaware,resolved,4570632,1.0,0.4,next_season_fallback,2022,Blaise,Sparks,OL,Delaware,4694320,Braden,Clark,0.6,,,,
next_season_fallback_census,ddc4fc05541601e8a003f55f2caabb308c5825f3ca01b83a041765e2b41390e3,2021,2020-11-19T00:00:00.000Z,Kory,Gainwell,RB,Memphis,Delta State,resolved,4613108,1.0,0.568132,next_season_fallback,2022,Kory,Gainwell,RB,Delta State,4360585,Christian,Malloy,0.431868,,,,
next_season_fallback_census,8f27b7c717eccbe51e6641ede095af89ed91c8988d3468a0b3c4acd40935fa57,2021,2020-08-19T00:00:00.000Z,John,Olmstead,OT,Notre Dame,Lafayette,resolved,4426480,1.0,0.614286,next_season_fallback,2022,John,Olmstead,OL,Lafayette,4429261,Beau,Bedard,0.385714,,,,
next_season_fallback_census,e3c6fb44f5a7edb33037caad4749b353c96ef5b5dc7d3cd8f9e9026578b25659,2021,2020-12-23T00:00:00.000Z,Clive,Truschel,IOL,Fresno State,Southeast Missouri State,resolved,4361318,1.0,0.471176,next_season_fallback,2022,Clive,Truschel,OL,Southeast Missouri State,5083785,McKel,Brumfield,0.528824,,,,
next_season_fallback_census,627a5135686faefa64a0ee67c34d60ebf532b82c2f57ece77fbf71c5c04053d2,2021,2021-05-06T00:00:00.000Z,Steve,Ballard,OT,Louisiana Tech,Northwestern State,resolved,4426618,0.972727,0.537013,next_season_fallback,2022,Stevie,Ballard,OL,Northwestern State,4877171,D'Andre,Richard,0.435714,,,,
next_season_fallback_census,56b038902bb5e527a0bd7b2bfabf5f57b071fbad5c30a17c8633371a3864cf64,2021,2021-07-29T15:50:00.000Z,Stephon,Wright,DL,Arizona State,SMU,resolved,4430782,1.0,0.491538,next_season_fallback,2022,Stephon,Wright,DL,SMU,4870400,Drenon,Fite III,0.508462,,,,
next_season_fallback_census,1e1fa6c64b223442a5e6f8091007a641c183484bbacf9ece34a3992b9b97b9c5,2021,2021-01-21T00:00:00.000Z,Reese,Moore,OT,Texas,Abilene Christian,resolved,4362105,1.0,0.616667,next_season_fallback,2022,Reese,Moore,OL,Abilene Christian,4684179,Jackson,Andrews,0.383333,,,,
next_season_fallback_census,719f792398a15d2ff12c614facd8e72564eba3925459d3c0daa58b0632bde39d,2021,2021-04-21T00:00:00.000Z,Anterrious,Gray,OG,North Texas,South Alabama,resolved,4606667,1.0,0.519841,next_season_fallback,2022,Anterrious,Gray,OL,South Alabama,4684080,Reid,Gavin,0.480159,,,,
next_season_fallback_census,6be4e2c765784b4f7722c346ddd5f68a62087cca832c683c2dc5af0be36d1410,2021,2021-03-25T00:00:00.000Z,T.J.,Moore,IOL,Florida,Charlotte,resolved,4240614,0.94,0.484286,next_season_fallback,2022,TJ,Moore,OL,Charlotte,4372469,Matt,Rosso,0.455714,,,,
next_season_fallback_census,056b30db17d384018eaa6eca6169a0c46320f1cd102e719bec1c24f4d017b69f,2021,2020-12-07T00:00:00.000Z,Jelani,Foster,WR,Buffalo,Rhode Island,resolved,4429629,1.0,0.51,next_season_fallback,2022,Jelani,Foster,WR,Rhode Island,4367042,John,Erby,0.49,,,,
next_season_fallback_census,5c7c5e74957d52d2abbd5f586eb89766be769e7409a74573b4b705568091d127,2021,2021-04-14T00:00:00.000Z,Jacob,Nunez,IOL,Arizona State,Nevada,resolved,4565907,1.0,0.462821,next_season_fallback,2022,Jacob,Nunez,OL,Nevada,4880260,Cole,Feinauer,0.537179,,,,
next_season_fallback_census,bcbeff8bf7ceee828ef4d5b9cb678adaa54c47beb1ec1a89b1df8e4d6091465a,2021,2021-02-21T00:00:00.000Z,Keydrell,Lewis,OT,San José State,UL Monroe,resolved,4612828,1.0,0.489286,next_season_fallback,2022,Keydrell,Lewis,OL,UL Monroe,4430725,Stacey,Wilkins,0.510714,,,,
next_season_fallback_census,887d6487dae000e81c316fc2bb74393bb454eccd63ca0bca153ef39528d44067,2021,2021-05-25T00:00:00.000Z,Theo,Day,QB,Michigan State,Northern Iowa,resolved,4360846,1.0,0.59,next_season_fallback,2022,Theo,Day,QB,Northern Iowa,4427888,Nate,Martens,0.41,,,,
next_season_fallback_census,310768a9ee6770ccb2a6fe3a9f1d98980d99f863ab38aa9a54f11d72bbd0029a,2021,2020-12-17T00:00:00.000Z,Robert,Congel,OG,Arizona,Oklahoma,resolved,4240921,1.0,0.525,next_season_fallback,2022,Robert,Congel,OL,Oklahoma,4431575,Cullen,Montgomery,0.475,,,,
next_season_fallback_census,75fa4e86649ab779f300d23a12fed33ed9993ae7f8680982caedeeacc3e56e9d,2021,2021-03-05T00:00:00.000Z,Graham,Faloona,LB,Utah,Texas State,resolved,5082565,1.0,0.520909,next_season_fallback,2022,Graham,Faloona,LB,Texas State,4575496,Brian,Holloway,0.479091,,,,
next_season_fallback_census,089f71c664f0b5d0add633096bfb82bb68ee127ad3c622a571057cf250efb2e3,2021,2021-01-24T00:00:00.000Z,Will,Farrar,OT,Texas Tech,Boise State,resolved,4241849,1.0,0.575,next_season_fallback,2022,Will,Farrar,OL,Boise State,4373671,Garrett,Curran,0.425,,,,
next_season_fallback_census,00d8277ac340557568cae9532108ccc9ccddddbe70cab7cf8bd218573f164cb9,2021,2020-12-30T00:00:00.000Z,Everett,Wormley,WR,Rutgers,Central Connecticut,resolved,4259303,1.0,0.603333,next_season_fallback,2022,Everett,Wormley,WR,Central Connecticut,4573973,Kyren,Petteway,0.396667,,,,
next_season_fallback_census,f9e63bbd6c6b28c6f569a47ffb7df1cb53fa94f250539a21f5bb65ad3781179f,2021,2021-05-24T00:00:00.000Z,Jarvis,Ware,CB,Missouri,UCF,resolved,4362750,1.0,0.465909,next_season_fallback,2022,Jarvis,Ware,DB,UCF,4685460,Nikai,Martinez,0.534091,,,,
next_season_fallback_census,f0e63a649859fe9b2c1c21a920054fc09e8eb4ac6133771cba5fa5453204edbb,2021,2020-12-14T00:00:00.000Z,Jaylen,DeCoteau,CB,Kent State,Sacred Heart,resolved,4427061,1.0,0.539697,next_season_fallback,2022,Jaylen,DeCoteau,DB,Sacred Heart,4893701,Javin,Adderly,0.460303,,,,
next_season_fallback_census,1cdd729ba9b49c2d92716e01be6c701c1fd7708e1dd6393d7f0896e73850d4f9,2021,2021-05-10T00:00:00.000Z,Jayvon,Thrift,S,West Virginia,Youngstown State,resolved,4428675,1.0,0.475,next_season_fallback,2022,Jayvon,Thrift,DB,Youngstown State,5084775,Andrew,Hardin,0.525,,,,
next_season_fallback_census,a7d2f7abfecb102dcc4a422d6eb5dc29b5ee43b915167c49dbccbe7d4f0817c0,2021,2021-01-25T00:00:00.000Z,Austin,Myers,OT,TCU,Memphis,resolved,4038547,1.0,0.465385,next_season_fallback,2022,Austin,Myers,OL,Memphis,5092999,Austin,O'Connor,0.534615,,,,
next_season_fallback_census,7b8d6348a28be37c2bdc93cfce3470486fd9e524a33caa7cb5f304072872f04f,2021,2021-01-19T00:00:00.000Z,Kenyon,Oblad,QB,UNLV,Utah Tech,resolved,4361566,1.0,0.616667,next_season_fallback,2022,Kenyon,Oblad,QB,Utah Tech,4697625,Victor,Gabalis,0.383333,,,,
next_season_fallback_census,9a69f7ed0cc577a2bbba054bede53a07c0c49346a98d94044ac14d7df05cac7b,2021,2021-05-12T00:00:00.000Z,Luke,Foster,IOL,Presbyterian,Temple,resolved,4249332,1.0,0.540909,next_season_fallback,2022,Luke,Foster,OL,Temple,4684978,Keshaun,Jones,0.459091,,,,
next_season_fallback_census,c36d49d9e050bf7dc74fdc8653cab285194881c3aed9848dbefe98a7f8da99fb,2021,2021-02-08T00:00:00.000Z,Micah,Jones,WR,Notre Dame,Illinois State,resolved,4361323,1.0,0.515,next_season_fallback,2022,Micah,Jones,WR,Illinois State,5087225,David,Connors Jr.,0.485,,,,
next_season_fallback_census,9961bf74f6b7d9767315fd6e470d6624d45ddab4bb1dcde8e7c645b059ff57a3,2021,2021-01-06T00:00:00.000Z,Keshawn,Toney,TE,South Carolina,Chattanooga,resolved,4430596,1.0,0.466364,next_season_fallback,2022,KeShawn,Toney,TE,Chattanooga,4572730,Evan,Brown,0.533636,,,,
next_season_fallback_census,6777be2573d68fe7214a6399e00c41ea543abe839f6dc61fce702c11db258f87,2021,2020-12-14T00:00:00.000Z,Jarrett,Horst,OT,Arkansas State,Michigan State,resolved,4575640,1.0,0.520455,next_season_fallback,2022,Jarrett,Horst,OT,Michigan State,5084953,Andy,Hartman,0.479545,,,,
next_season_fallback_census,dbbc01c7eac05a7fa9ea404884ab54412838f2897e8572540be1930dfdece37e,2021,2020-11-09T00:00:00.000Z,Daraun,McKinney,CB,Iowa,South Dakota,resolved,4430139,0.976923,0.428628,next_season_fallback,2022,Da'Raun,McKinney,DB,South Dakota,4695780,Teven,McKelvey,0.548295,,,,
next_season_fallback_census,bbdf285b73ccbf4c5dc749b91842435bf6d964c6bdb8b4d6b340cdf80aa94d4c,2021,2020-12-26T00:00:00.000Z,Keith,Davis,WR,Arizona State,Utah Tech,resolved,4879427,1.0,0.428788,next_season_fallback,2022,Keith,Davis,WR,Utah Tech,4879403,Cailin,Daniels,0.571212,,,,
next_season_fallback_census,219e71b816041394ffb7f12b9930a90bb8741c7767a9edf441354c51fa04b173,2021,2021-05-20T00:00:00.000Z,Darrell,Branch,IOL,Arizona,Tennessee State,resolved,4901006,1.0,0.503846,next_season_fallback,2022,Darrell,Branch,OL,Tennessee State,5084597,Jamari,Freeman,0.496154,,,,
next_season_fallback_census,f8f274f95bdd947e003272fd828150afca4151b07049206f7b08f5cec177ad3f,2021,2021-05-10T00:00:00.000Z,Jaylen,Gipson,QB,Texas State,North Alabama,resolved,4241667,1.0,0.520909,next_season_fallback,2022,Jaylen,Gipson,QB,North Alabama,4373694,Brady,Pope,0.479091,,,,
next_season_fallback_census,66ab515ecabb412de08d3075427500a475e426e2ca04adc7dd55d538d42c06d4,2021,2021-05-01T00:00:00.000Z,Robert,Holmes,IOL,Austin Peay,Arkansas State,resolved,4239128,1.0,0.433333,next_season_fallback,2022,Robert,Holmes,OL,Arkansas State,4259497,Jordan,Rhodes,0.566667,,,,
next_season_fallback_census,7cca76cea94127c93f838c0ee8d63aea95226826b68787921955f36099b22757,2021,2020-11-30T00:00:00.000Z,Hozey,Haji-Badri,DL,East Carolina,Western Michigan,resolved,4567472,1.0,0.55101,next_season_fallback,2022,Hozey,Haji-Badri,DL,Western Michigan,5089200,Jayden,Childers,0.44899,,,,
next_season_fallback_census,1ab710326b606f3453a2f5bffbcb85f6bf2056048df7bae43f6b27542e822820,2021,2021-01-20T00:00:00.000Z,Aaron,Jarman,TE,Temple,East Carolina,resolved,4360994,1.0,0.516667,next_season_fallback,2022,Aaron,Jarman,TE,East Carolina,4241387,Ryan,Jones,0.483333,,,,
same_season_sample,3c8cd3d642fb5b351df76d1c8bcbb8f6f7feff65fb37ba499847da29ed64e6c9,2021,2021-04-23T00:00:00.000Z,Ronald,Williams,CB,Alabama,Michigan State,resolved,4685722,1.0,0.207692,same_season,2021,Ronald,Williams,CB,Michigan State,4590891,Torrell,Williams,0.792308,,,,
same_season_sample,bfbc3b5adc702bed199fa233ad64abf3cb74ee6ff893a9ab1cdcc1c13d2ae2f9,2021,2020-08-20T00:00:00.000Z,Tyrese,Mack,WR,Utah State,Nevada,resolved,4880790,1.0,0.555556,same_season,2021,Tyrese,Mack,WR,Nevada,4241588,Elijah,Cooks,0.444444,,,,
same_season_sample,03041e1dc3be82be5d82685c1c1a206830704b474149e0dde8f6c90955cb1c98,2021,2021-01-14T00:00:00.000Z,Antwan,Owens,DL,Georgia Tech,Jackson State,resolved,4240507,1.0,0.601538,same_season,2021,Antwan,Owens,DL,Jackson State,4574833,Devonta,Davis,0.398462,,,,
same_season_sample,fe4a9edf99637bc3753c37f0758b68bf1145b2cda62d43fff0ced943c2b1a1aa,2021,2021-02-24T00:00:00.000Z,Nate,Craig-Myers,WR,Colorado State,UCF,resolved,4035493,1.0,0.48,same_season,2021,Nate,Craig-Myers,WR,UCF,4568982,Cade,Sams,0.52,,,,
same_season_sample,b33f52a01f69e4fa44682af86fbee3ecf2ed821e96d5cb77ea9fb2106147f77a,2021,2020-12-19T00:00:00.000Z,Christian,Turner,RB,Michigan,Wake Forest,resolved,4372073,1.0,0.48125,same_season,2021,Christian,Turner,RB,Wake Forest,4240418,Christian,Beal-Smith,0.51875,,,,
same_season_sample,a48301d82201dc3eed070d01a24b34c15c841f9031d46e54ae5f6bbd913ed8d0,2021,2020-12-22T00:00:00.000Z,Jamari,Williams,IOL,Arizona,Middle Tennessee,resolved,4430739,1.0,0.530769,same_season,2021,Jamari,Williams,OL,Middle Tennessee,4360833,Jahlil,Ryles,0.469231,,,,
same_season_sample,bcad8f020c05a70893479b353373c7a87efdeaf5c89fa20399393d141dde2497,2021,2021-05-26T00:00:00.000Z,Ridge,Texada,CB,McNeese,North Texas,resolved,4698384,1.0,0.566667,same_season,2021,Ridge,Texada,CB,North Texas,4427240,DeShawn,Gaddie Jr.,0.433333,,,,
same_season_sample,ef5b080445cc99f677a6fdfac5a37534d1b4aacf64e2b4b7162ea2f063c481e8,2021,2021-01-21T00:00:00.000Z,Dylan,McCaffrey,QB,Michigan,Northern Colorado,resolved,4258191,1.0,1.0,same_season,2021,Dylan,McCaffrey,QB,Northern Colorado,,,,,,,,
same_season_sample,c26a1bb21044edf49c766e76a7fe77400789124b0166a4c6cda74544ee6d8653,2021,2020-08-03T00:00:00.000Z,Peter,Parrish,QB,LSU,Memphis,resolved,4427244,1.0,0.611026,same_season,2021,Peter,Parrish,QB,Memphis,4249033,Jeremiah,Oatsvall,0.388974,,,,
same_season_sample,c8c506bf498b7e4f93fdd28b1134714096fc3f7a47f040d09c10a3bd65e817b4,2021,2021-01-08T00:00:00.000Z,Patrice,Rene,CB,North Carolina,Rutgers,resolved,4037516,1.0,0.467094,same_season,2021,Patrice,Rene,DB,Rutgers,4259307,Naijee,Jones,0.532906,,,,
same_season_sample,bc6c60b7d88107c502d9b25505413f65a7d2b0327fdbb1d6b04f859422c8920b,2021,2021-01-22T00:00:00.000Z,Gunner,Cruz,QB,Arizona,Arizona,resolved,4426999,1.0,0.6,same_season,2021,Gunner,Cruz,QB,Arizona,4360890,Jordan,McCloud,0.4,,,,
same_season_sample,364603eb2b895d288d390bc1c8c7b86fa4c4202c9b96d8f8faf862915dfe5c21,2021,2021-05-07T00:00:00.000Z,Ke'Shun,Brown,LB,Texas A&M,South Alabama,resolved,4427544,1.0,0.528205,same_season,2021,Ke'Shun,Brown,LB,South Alabama,4570515,Kelvin,Johnson,0.471795,,,,
same_season_sample,12ba0f9d3e7c9efa640b239d7d6208c367c45a302f18eb7425bd0bc6df536c21,2021,2021-05-14T00:00:00.000Z,Dashawn,Crawford,DL,Virginia Tech,Southern Miss,resolved,4568436,1.0,0.528205,same_season,2021,DaShawn,Crawford,DL,Southern Miss,4690008,Austin,Todd,0.471795,,,,
same_season_sample,35b7bbc52a31d9311e2d0cc20e411c19c1cdbebc90daf238d24c731c8f816e44,2021,2021-04-30T00:00:00.000Z,Geor'quarius,Spivey,TE,Mississippi State,TCU,resolved,4362892,1.0,0.636667,same_season,2021,Geor'quarius,Spivey,TE,TCU,4685028,Mitchell,Hansen,0.363333,,,,
same_season_sample,991ca0d46342bf2c9fda0f198723739fa2b6ff5422bcb297d3837813ad84dd56,2021,2021-01-22T00:00:00.000Z,Daron,Bland,CB,Sacramento State,Fresno State,resolved,4248911,1.0,0.508333,same_season,2021,Daron,Bland,DB,Fresno State,4585727,Cale,Sanders Jr.,0.491667,,,,
same_season_sample,f37e5440fef185053a9063461a0cc63746bd9653bff92610deea3ca3e46fe91b,2021,2021-03-12T00:00:00.000Z,Niko,Cooper,LB,Nebraska,Western Kentucky,resolved,4686251,1.0,0.547436,same_season,2021,Niko,Cooper,LB,Western Kentucky,4036002,Malik,Staples,0.452564,,,,
same_season_sample,c19daf31839ab645687b44c6ffbd9a086706d2d6c1d1323fba969f650c81fcaa,2021,2020-12-16T00:00:00.000Z,Jacob,Sirmon,QB,Washington,Central Michigan,resolved,4361091,1.0,0.589205,same_season,2021,Jacob,Sirmon,QB,Central Michigan,4570259,Daniel,Richardson,0.410795,,,,
same_season_sample,d92978416cf17d6a1f0b615fc31f077165eee1aa99d43abafdf729ac02231f86,2021,2020-12-21T00:00:00.000Z,Elijah,Hamilton,CB,Vanderbilt,Louisiana Tech,resolved,4035273,1.0,0.443407,same_season,2021,Elijah,Hamilton,DB,Louisiana Tech,4249637,Jacquez,Payton,0.556593,,,,
same_season_sample,bf4a6353a448e0f920ba8622473dd6cbca9342672be459032afcc4f5e017945e,2021,2020-11-10T00:00:00.000Z,Dylan,Downing,RB,UNLV,Purdue,resolved,4431398,1.0,0.605769,same_season,2021,Dylan,Downing,RB,Purdue,4428722,Zac,Tuinei,0.394231,,,,
same_season_sample,511d97162d5d720901861700c16bd5a7d772cd70c729d03bc7e80b97212fa1d8,2021,2021-01-13T00:00:00.000Z,Khary,Crump,CB,Arizona,Michigan State,resolved,4697736,1.0,0.57,same_season,2021,Khary,Crump,CB,Michigan State,4382472,David,Kruse,0.43,,,,
next_season_fallback_census,e8841f4411681a2f81b1e0e596d4ee4474ee3a61eb844efc1cdfc05db1c633b2,2022,2022-09-07T18:20:00.000Z,Ken,Talley,EDGE,Penn State,Michigan State,resolved,5103176,1.0,0.575,next_season_fallback,2023,Ken,Talley,EDGE,Michigan State,4567417,Khris,Bogle,0.425,,,,
next_season_fallback_census,1a0cb916654f7edf77bd57d43c3d9c6b2447fb281cab78f14197268ca0b35a4e,2022,2022-01-10T18:02:00.000Z,Billy,Pospisil III,WR,Washington State,Colorado School of Mines,resolved,4428264,1.0,0.51,next_season_fallback,2023,Billy,Pospisil III,WR,Colorado School of Mines,5120771,Flynn,Schiele,0.49,,,,
next_season_fallback_census,7919c3cb35e50aace399164a7ff60c53b06f8525406e5241bf540e7d84d5d0b9,2022,2022-08-16T18:04:00.000Z,Kobe,Baynes,OT,Louisville,Kansas,resolved,4429254,1.0,0.425,next_season_fallback,2023,Kobe,Baynes,OL,Kansas,5092958,Kael,Farkes,0.575,,,,
next_season_fallback_census,8855505d087d0e68a162d1341420e988ccdf9b1db05f9e14ae3e25f44e25222c,2022,2022-04-20T20:22:00.000Z,Jaret,Frantz,WR,Ball State,Toledo,resolved,4683725,1.0,0.528205,next_season_fallback,2023,Jaret,Frantz,WR,Toledo,4923271,Jermaine,Foster,0.471795,,,,
same_season_sample,ad1c2f5a88e2984fd85c860bd8e854e9223e1a0a704a3383615abb6b81e6fa85,2022,2021-12-13T22:13:00.000Z,Aric,Horne,LB,Iowa State,Florida A&M,resolved,4427514,1.0,0.416667,same_season,2022,Aric,Horne,LB,Florida A&M,5094591,Bryce,Turner,0.583333,,,,
same_season_sample,6eb1800edf95deed525b9dc957cd01318837c60fc379145d7ec232119a99e145,2022,2022-01-04T01:19:00.000Z,Darion,Green-Warren,CB,Michigan,Nevada,resolved,4429126,1.0,0.535119,same_season,2022,Darion,Green-Warren,DB,Nevada,4608447,Marquese,Allen-Patmon,0.464881,,,,
same_season_sample,04f6a1c21f74e8e83c49a8db3f5bb563e162898845a9784e50e6309125e28614,2022,2022-02-15T19:42:00.000Z,Cam,Goode,DL,UCF,Michigan,resolved,4361991,1.0,0.628333,same_season,2022,Cam,Goode,DL,Michigan,4372014,Eyabi,Okie-Anoma,0.371667,,,,
same_season_sample,20fac624d6799ceeb14862d61c83d10bce40a8f31bfa95068b61f6cb40d5bed0,2022,2022-04-28T20:02:00.000Z,Michal,Antoine,CB,Iowa State,Florida Atlantic,resolved,4686423,1.0,0.298077,same_season,2022,Michal,Antoine Jr.,DB,Florida Atlantic,4837373,Michael,Boone,0.701923,,,,
same_season_sample,c501bf64e75f38524e6e128ef8020d56b5d396e51269ef496060825de0c81366,2022,2022-04-15T19:44:00.000Z,Duece,Mayberry,CB,Kansas,UL Monroe,resolved,4686376,1.0,0.544286,same_season,2022,Duece,Mayberry,CB,UL Monroe,4890893,Lu,Tillery,0.455714,,,,
same_season_sample,c18455407ecb2f03ddd09204af80d860968478b21eecfd43c1bc5fc4d84d072d,2022,2021-12-08T21:49:00.000Z,Elijah,Cooks,WR,Nevada,San José State,resolved,4241588,1.0,0.555556,same_season,2022,Elijah,Cooks,WR,San José State,5082589,Trevor,Voss,0.444444,,,,
same_season_sample,ac8401505d2a53ec8206f196a7338420170bfe775a3935d4dd3f87a73db61805,2022,2022-04-27T20:07:00.000Z,Jaymason,Willingham,LB,Utah State,Portland State,resolved,4428900,1.0,0.407143,same_season,2022,Jaymason,Willingham,LB,Portland State,5085586,Peyton,Wing,0.592857,,,,
same_season_sample,7d95aa56ccea27b56bb5198edab4e5e437e6b6d972dbb60227d5b91299f23917,2022,2022-06-13T19:24:00.000Z,Damian,Jackson,EDGE,Nebraska,Buffalo,resolved,4240799,1.0,0.574359,same_season,2022,Damian,Jackson,DE,Buffalo,4240110,Ibrahim,Kante,0.425641,,,,
same_season_sample,f40eef126dbd07216642b2a03372b0e9c848355837b5e068e2947aef1f945c35,2022,2021-11-30T16:53:00.000Z,DJ,Warnell,S,UCLA,Arizona,resolved,4696713,1.0,0.464286,same_season,2022,DJ,Warnell,DB,Arizona,4697738,Adama,Fall,0.535714,,,,
same_season_sample,cd041a992c762d7079486d71729b5e7b99b4d74719d4f79b7be644981e9e5b99,2022,2021-12-17T15:39:00.000Z,Jared,Wiley,TE,Texas,TCU,resolved,4430723,1.0,0.441919,same_season,2022,Jared,Wiley,TE,TCU,4259331,Carter,Ware,0.558081,,,,
same_season_sample,fb238cdc82daee8e6859296d0f9ec3d85b1fa8d6b58b9e5b7bb03ae62cfd6fad,2022,2021-12-08T18:47:00.000Z,Tommi,Hill,CB,Arizona State,Nebraska,resolved,4431550,1.0,0.52,same_season,2022,Tommi,Hill,CB,Nebraska,5081097,Blake,Miller,0.48,,,,
same_season_sample,40daa0c280b607e1c31338a236603983ca28a12510b18c74ad4f7662f9c45a16,2022,2021-11-29T14:03:00.000Z,Daniel,Parker,TE,Missouri,Oklahoma,resolved,4362763,1.0,0.540909,same_season,2022,Daniel,Parker,TE,Oklahoma,4877034,Jaren,Kanak,0.459091,,,,
same_season_sample,544bd7c29f0e5eaf923216444065968f935ea7f2bfc01e1d2bd80a8e4b2fcd23,2022,2022-04-05T16:32:00.000Z,Chase,Monroe,LB,Wake Forest,Charlotte,resolved,4240426,1.0,0.58375,same_season,2022,Chase,Monroe,LB,Charlotte,5081245,Omari,Orgertrice,0.41625,,,,
same_season_sample,d8f07ed0076ec1a7011e7a6b28a8710e0ae2e63eaa9e56bb5c79233bb42144e7,2022,2021-12-01T20:47:00.000Z,M.J.,Griffin,S,Temple,Louisville,resolved,4427345,1.0,0.62619,same_season,2022,M.J.,Griffin,DB,Louisville,4686338,Joshua,Minkins,0.37381,,,,
same_season_sample,a2fb0eb4d2767673ae1f2f8afffd12e394f22a8822141d5f29f402698b561e0e,2022,2021-11-29T16:44:00.000Z,Miles,Marshall,WR,Indiana,Miami (OH),resolved,4371968,1.0,0.535882,same_season,2022,Miles,Marshall,WR,Miami (OH),4383750,Chris,Cavalaris,0.464118,,,,
same_season_sample,7efc48c18ce8ec9d94dd008a8e6bf09a9256c587fd9c0b7abc2fe169da80f762,2022,2022-04-18T20:53:00.000Z,Colton,Fitzgerald,QB,Boise State,Georgia Southern,resolved,4880196,1.0,0.455556,same_season,2022,Colton,Fitzgerald,QB,Georgia Southern,4613155,Connor,Cigelske,0.544444,,,,
same_season_sample,5365db459403cf8915c39c929cae95143e7d08536f00e38cfe81de128ba6b6bd,2022,2022-01-06T20:14:00.000Z,Cedrick,Dort,CB,Kentucky,Wisconsin,resolved,4240779,1.0,0.537692,same_season,2022,Cedrick,Dort Jr.,CB,Wisconsin,4432789,Hunter,Wohler,0.462308,,,,
same_season_sample,c034e6d675022372b421dbd23ee20f3aa62018e04121736ecfce551a8f70d4be,2022,2021-12-01T23:11:00.000Z,Jafar,Armstrong,WR,Illinois,Western Illinois,resolved,4258584,1.0,0.465909,same_season,2022,Jafar,Armstrong,WR,Western Illinois,5089298,Jaylin,Jackson,0.534091,,,,
same_season_sample,871df66057a23a03477e848002accd48addc18ff76fbbf9f8b68333818567552,2022,2022-04-20T21:06:00.000Z,Zeriah,Beason,WR,Oregon State,Washington State,resolved,4430934,1.0,0.39,same_season,2022,Zeriah,Beason,WR,Washington State,5085113,Will,Eaton,0.61,,,,
same_season_sample,b0f99b261915981fb098fcab07dd1c54586c9dad10d4c89733ae2e3b0e7e33df,2022,2022-01-20T20:44:00.000Z,Andrew,Parker,LB,Arkansas,App State,resolved,4372006,1.0,0.436538,same_season,2022,Andrew,Parker Jr.,LB,App State,4838682,Derrell,Farrar,0.563462,,,,
next_season_fallback_census,64d652eef008fa74f75b89a790fd7159d0792d292db4ac23a88c3fea8eb78211,2023,2022-12-09T20:23:00.000Z,Isaac,Pearson,P,Texas,SMU,resolved,4683539,1.0,0.496154,next_season_fallback,2024,Isaac,Pearson,P,SMU,5084108,Michael,Tadros,0.503846,,,,
next_season_fallback_census,e6c4c77f2a170204a1874515a07c24aee93bc1d4346b0b89c93784e9fad14b1c,2023,2022-11-30T18:09:00.000Z,Chase,Lloyd,S,Vanderbilt,Florida A&M,resolved,4433853,1.0,0.461538,next_season_fallback,2024,Chase,Lloyd,DB,Florida A&M,4879280,Brandon,Calloway,0.538462,,,,
next_season_fallback_census,40a5d07cafafcd7784a4ffb807957b2d60f6eb46b6211bce2a359f199fae1706,2023,2022-12-05T11:46:00.000Z,Jonathan,Streeter,CB,App State,Campbell,resolved,4688563,1.0,0.45,next_season_fallback,2024,Jonathan,Streeter,CB,Campbell,4883876,Isaiah,Greene,0.55,,,,
next_season_fallback_census,e68987037c2109bc9512b411c302645fb38cedd59e4a8f9544e0d26f0e11b0c3,2023,2022-12-02T22:42:00.000Z,Kamonte,Grimes,WR,Nebraska,Northern Iowa,resolved,4431327,1.0,0.606667,next_season_fallback,2024,Kamonte,Grimes,WR,Northern Iowa,4887396,Tay,Norman,0.393333,,,,
next_season_fallback_census,09fbe640debd1cd31475e0698eaefab3c6b3bde86bd0181ab2052531a491ae77,2023,2023-04-15T13:43:00.000Z,Dylan,Dixson,S,Colorado,Missouri State,resolved,4685330,1.0,0.481169,next_season_fallback,2024,Dylan,Dixson,S,Missouri State,5155184,Thomas,Anderson,0.518831,,,,
next_season_fallback_census,1ed24de4043f3253d797eb1bfde00b30fcf57117542ec680c5370be0f9c0b75f,2023,2022-12-19T16:20:00.000Z,Lonyatta,Alexander,WR,Washington,Montana State,resolved,4581420,1.0,0.53,next_season_fallback,2024,Lonyatta,Alexander Jr.,WR,Montana State,5085301,Taco,Dowler,0.47,,,,
next_season_fallback_census,64b37a8ec862b8646a6cb3e326243f745ee5de662af445025d72819ed73bd135,2023,2022-12-05T18:12:00.000Z,Jacoby,Boykins,WR,Alabama,Abilene Christian,resolved,4880047,1.0,0.517133,next_season_fallback,2024,Jacoby,Boykins,WR,Abilene Christian,4662406,Javon,Gipson,0.482867,,,,
next_season_fallback_census,898cdc3630f5a545d9c974f3fc3a82a1ceefd90df9f9cfd4501888f3ca441e32,2023,2023-04-15T11:44:00.000Z,Dean,Jones,S,BYU,Southern Utah,resolved,4714401,1.0,0.416667,next_season_fallback,2024,Dean,Jones,S,Southern Utah,5160009,Shyne,Johnson,0.583333,,,,
next_season_fallback_census,69bc4e95fb5bdb65d394f1a0871afe4b045468c3e373e7b7b5e783a850c34c9e,2023,2022-11-30T20:27:00.000Z,Hayden,Harris,DL,UCLA,Montana,resolved,4427389,1.0,0.686364,next_season_fallback,2024,Hayden,Harris,DL,Montana,4876197,Henry,Nuce,0.313636,,,,
same_season_sample,749bbace87c6e371ab8cfde6973a770409a52a7759b78b583ab90143434dcf20,2023,2023-04-24T21:19:00.000Z,Myles,Bell,CB,UConn,Marshall,resolved,4426666,1.0,0.455,same_season,2023,Myles,Bell,DB,Marshall,5151836,Mason,Mitchell,0.545,,,,
same_season_sample,6abd886379d0a7f3f970c12c4d0cd8d91e527c2b5372d111690d4663e86bdc0f,2023,2023-04-15T16:01:00.000Z,Freddie,Brock,RB,Maine,Georgia State,resolved,4696071,1.0,0.6,same_season,2023,Freddie,Brock IV,RB,Georgia State,4589580,Terry,Berdin Jr.,0.4,,,,
same_season_sample,86fd2360d8589d2c09a8e14d95227d6469b420ff17d1c5ce37e4d53b89ab1ac2,2023,2023-04-15T15:00:00.000Z,Thornton,Gentry,OT,NC State,App State,resolved,4432704,1.0,0.491538,same_season,2023,Thornton,Gentry,OL,App State,5151962,Ethan,Ryan,0.508462,,,,
same_season_sample,026e2d8500543f860f391eb62df6bd9bcc865f6aab8477c34c1c60953e1d77fc,2023,2022-12-31T00:07:00.000Z,Billy,Kemp,WR,Virginia,Nebraska,resolved,4370797,1.0,0.6,same_season,2023,Billy,Kemp IV,WR,Nebraska,4917947,Malachi,Coleman,0.4,,,,
same_season_sample,de2386f6cef75082d65c2d1e89f317985f82084ad50894b1428806720c0675fb,2023,2022-11-30T22:20:00.000Z,Justin,Wright,LB,Tulsa,Oklahoma State,resolved,4372371,1.0,0.25,same_season,2023,Justin,Wright,LB,Oklahoma State,5081942,Elijah,Wright,0.75,,,,
same_season_sample,80ea4a73d68bb13d05a9c7871d4a2b445c1eb7b4bfcf130dadac3046751f02ad,2023,2023-04-19T15:18:00.000Z,Zach,Courtney,TE,Colorado,Coastal Carolina,resolved,4833356,1.0,0.526471,same_season,2023,Zach,Courtney,TE,Coastal Carolina,5157276,Kevin,Dougherty Jr.,0.473529,,,,
same_season_sample,a02c516393d7111a5ad8db41be3219ff65368c9fe6f02b05ab08760e581a2608,2023,2023-04-11T19:08:00.000Z,Hayden,Wolff,QB,Old Dominion,Western Michigan,resolved,4430775,1.0,0.648788,same_season,2023,Hayden,Wolff,QB,Western Michigan,4567106,Stone,Hollenbach,0.351212,,,,
same_season_sample,74071fee06a30751ff6b16153f0ae1a0c5ea3c7caeedbd306273f5c77e375e1b,2023,2022-12-21T20:55:00.000Z,Andrew,Adair,IOL,James Madison,Charlotte,resolved,4709809,1.0,0.475,same_season,2023,Andrew,Adair,OL,Charlotte,4568331,Jordan,Daniels,0.525,,,,
same_season_sample,29a0b07dacd781059dd6a3d99b42157cd7ebb54b90e82f2841aee0ceed7186bd,2023,2023-01-12T01:56:00.000Z,Ryan,Beckman,IOL,Akron,East Carolina,resolved,4568326,1.0,0.43,same_season,2023,Ryan,Beckman,OL,East Carolina,4430498,Grant,Copeland,0.57,,,,
same_season_sample,57bf06fe879c3203f160947895ad80619f66dc757a9587cde67c8211d8f1a018,2023,2023-04-17T16:53:00.000Z,Sy'Veon,Wilkerson,RB,Jackson State,Colorado,resolved,4431483,1.0,0.397619,same_season,2023,Sy'veon,Wilkerson,RB,Colorado,4685385,Anthony,Hankerson,0.602381,,,,
same_season_sample,c9ebd24d46dfb95ed1b66784456bf9e51bf87cc2a9bbbef4ada644dfda811fd3,2023,2022-12-05T15:46:00.000Z,Luke,Elzinga,P,Central Michigan,Oklahoma,resolved,4427146,1.0,0.575,same_season,2023,Luke,Elzinga,P,Oklahoma,4912159,Ashton,Logan,0.425,,,,
same_season_sample,a831f71cc1246d032d45b9dadff4a3285a36a6e70823d6a53cb601cf823293a1,2023,2022-12-05T21:58:00.000Z,Marquis,Black,DL,Nebraska,Western Kentucky,resolved,4429279,1.0,0.207692,same_season,2023,Marquis,Black,DL,Western Kentucky,4362424,Tyrese,Black,0.792308,,,,
same_season_sample,9165616bf2d8fd92a1e19c11a22e18128d88c3209afa4e0b822122ca22c2c644,2023,2022-12-05T21:22:00.000Z,Andrew,Volmar,CB,Florida International,UL Monroe,resolved,4576132,1.0,0.357273,same_season,2023,Andrew,Volmar,CB,UL Monroe,5158124,Andre,Mack,0.642727,,,,
same_season_sample,069781e3ef94a1108f8c638d9fa4171f21e62e094ae25f5293264831e54b4c0d,2023,2022-12-06T17:08:00.000Z,Geordon,Porter,WR,New Mexico,UConn,resolved,4360462,1.0,0.489286,same_season,2023,Geordon,Porter,WR,UConn,5077803,Jackson,Harper,0.510714,,,,
same_season_sample,a76cc1aff8b641295d46a6a81262a1223491565dea6d5a96d795d23eacd5a8f9,2023,2022-12-09T01:08:00.000Z,Lloyd,Willis,OT,Florida State,Marshall,resolved,4568715,1.0,0.614286,same_season,2023,Lloyd,Willis,OL,Marshall,4571627,Ethan,Driskell,0.385714,,,,
same_season_sample,56f8ad7544df584c3f0d0ff144075f07916a29668c7d98c2264be37b7aa29f13,2023,2022-11-22T15:04:00.000Z,Nick,Gargiulo,OT,Yale,South Carolina,resolved,4368033,1.0,0.503333,same_season,2023,Nick,Gargiulo,OL,South Carolina,4692068,Ni,Mansell,0.496667,,,,
same_season_sample,e62c35b874133c5ecd7d78942100f2c2cdcc833c120f54ac9a0f634150d7ce81,2023,2023-04-24T14:35:00.000Z,Cade,Conley,TE,Central Michigan,Marshall,resolved,4880181,1.0,0.583333,same_season,2023,Cade,Conley,TE,Marshall,5092695,Shawn,Rouse,0.416667,,,,
same_season_sample,a13f2834b3c7c3853dc372475b82051d286747f7b0dd79cdd6aa2137af2dc890,2023,2023-04-15T13:06:00.000Z,Nemo,Squire,RB,East Carolina,Gardner-Webb,resolved,4882697,1.0,0.614103,same_season,2023,Nemo,Squire,RB,Gardner-Webb,4573849,Narii,Gaither,0.385897,,,,
same_season_sample,39585c673fab949ac60ef456a255d9eed497517fd5a8644be07ea10be2789218,2023,2022-12-06T19:55:00.000Z,Josaiah,Stewart,EDGE,Coastal Carolina,Michigan,resolved,4682983,1.0,0.583766,same_season,2023,Josaiah,Stewart,DE,Michigan,4868340,Joey,Klunder,0.416234,,,,
same_season_sample,1a1e440e20fe66f89e9637e8e0482c47b766ccbe368a540107276ca7f187424d,2023,2023-04-27T19:55:00.000Z,Tyler,Knaak,OT,Utah,Nebraska,resolved,4910230,1.0,0.546667,same_season,2023,Tyler,Knaak,OL,Nebraska,4427471,Bryce,Benhart,0.453333,,,,
next_season_fallback_census,5957f80bc70ae91d32549a24760bbb91bbddd2664386431f3adeed72adb8cec5,2024,2024-04-24T23:52:00.000Z,Coby,Walton,QB,Georgia Southern,Tennessee Tech,resolved,5103801,1.0,0.408333,next_season_fallback,2025,Coby,Walton,QB,Tennessee Tech,4877211,Jace,Wilson,0.591667,,,,
next_season_fallback_census,fdf1cdd33a5ecd80a66fa523a37d9376098bc438f3de943ceb04f838ec544e92,2024,2023-11-28T14:31:00.000Z,Carter,Hooper,DL,UConn,South Dakota,resolved,4589214,1.0,0.432517,next_season_fallback,2025,Carter,Hooper,DL,South Dakota,5161616,Calen,Presser,0.567483,,,,
next_season_fallback_census,ce54184c4f5f83ef722724296c26ac66f03039418a7a15a5596387ecb0670840,2024,2023-12-05T22:07:00.000Z,Seth,Williams,IOL,App State,East Tennessee State,resolved,4686240,1.0,0.546667,next_season_fallback,2025,Seth,Williams,OL,East Tennessee State,5224027,Isaiah,Hall,0.453333,,,,
next_season_fallback_census,9e5f8cde098517cd18d3937a60144af2468b668099973550cd93c33aa38b8b72,2024,2024-04-24T17:01:00.000Z,Dylan,Lopez,IOL,Oregon State,Nevada,resolved,4702169,1.0,0.43,next_season_fallback,2025,Dylan,Lopez,OL,Nevada,5219596,Ethan,Lowell,0.57,,,,
next_season_fallback_census,081f69e287e9a090b7e3a201501ca95ebbaffa4a0ea91c1365e9c037663712a5,2024,2024-04-18T01:28:00.000Z,Kody,Finley,WR,SE Louisiana,Northwestern State,resolved,5084495,1.0,0.515,next_season_fallback,2025,Kody,Finley,WR,Northwestern State,5302467,Andrew,Fields,0.485,,,,
next_season_fallback_census,dd61c298f2d6956e69ed934d42620f2b77af5fd01ff07209b35e7ea08053a181,2024,2024-03-01T11:07:00.000Z,Wahkeem,Roman,IOL,Notre Dame College,Delaware,resolved,5224779,1.0,0.465909,next_season_fallback,2025,Wahkeem,Roman,OL,Delaware,5140722,Noah,Rosahac,0.534091,,,,
next_season_fallback_census,a87d2a6df4d7a9b85f874e15070bc58e064a1df21566419a466c803d17b55d83,2024,2024-04-17T17:45:00.000Z,Andre,Craig,WR,Alabama,Alabama A&M,resolved,5154225,1.0,0.45,next_season_fallback,2025,Andre,Craig Jr.,WR,Alabama A&M,4701291,Donivan,Wright,0.55,,,,
next_season_fallback_census,ecb13d9f30aefec10dfc725ebf42506dfff894874cbdb5dd8895bece30c3ab07,2024,2023-12-22T21:39:00.000Z,Matt,Reardon,WR,Miami (OH),Youngstown State,resolved,4682620,1.0,0.6,next_season_fallback,2025,Matt,Reardon,WR,Youngstown State,4878956,Max,Tomczak,0.4,,,,
next_season_fallback_census,34ede5ede55a533b1ee6aea09b7983483690fa8c578df404114dc775a64a98d4,2024,2024-04-28T14:01:00.000Z,Zachary,Session,IOL,Sam Houston,McNeese,resolved,5091839,1.0,0.15,next_season_fallback,2025,Zach,Session,OL,McNeese,4883125,Aaron,Session,0.85,,,,
next_season_fallback_census,5844f98e6a955fc4c81e3c8e3f4eaa2ae60a19591225a421a0532b1412fe4d23,2024,2024-04-23T17:34:00.000Z,Talib,Salahuddin,DL,San Diego State,Incarnate Word,resolved,5155096,1.0,0.660588,next_season_fallback,2025,Talib,Salahuddin,DL,Incarnate Word,5096879,Lloyd,Johnson,0.339412,,,,
next_season_fallback_census,597c915b93920417acdf89b64cbb40e89ac716016e8c8e6c92cdbac39bcc476f,2024,2023-11-29T16:44:00.000Z,Jestus,Johnson,IOL,Virginia,Delaware State,resolved,4430074,1.0,0.564286,next_season_fallback,2025,Jestus,Johnson,OL,Delaware State,5303326,Keyshawn,Ross Jr.,0.435714,,,,
next_season_fallback_census,55221c41e492643c4e3554e843bff62eac88e1ba3bdfe4c27bd048d976de247b,2024,2024-04-16T22:02:00.000Z,Kuba,Tyszka,IOL,Wyoming,North Dakota,resolved,5152203,1.0,0.423333,next_season_fallback,2025,Kuba,Tyszka,OL,North Dakota,5227891,Lawson,Lotysz,0.576667,,,,
next_season_fallback_census,e8251a37a3e34a701f0e30e0d04b9183e64eedaede23a2082fb66fc340380aa9,2024,2023-12-27T12:16:00.000Z,Brian,Norris,LB,South Florida,Florida A&M,resolved,4360862,1.0,0.43,next_season_fallback,2025,Brian,Norris,LB,Florida A&M,4875921,Jason,Riles,0.57,,,,
next_season_fallback_census,a188ee2b89b19a032f21f3a04e6e0b9bfab418493a3373792ba4ec0626672b00,2024,2023-12-20T21:42:00.000Z,Joshua,Miller,IOL,Georgia,Syracuse,resolved,4912907,1.0,0.433333,next_season_fallback,2025,Joshua,Miller,OL,Syracuse,5212951,Travis,Brown-Miller,0.566667,,,,
next_season_fallback_census,b78b9b40009624e76d364022814612c3f8a6a53e612af1198c4654dce4247b1b,2024,2023-12-04T20:45:00.000Z,Mason,Howard,OT,Old Dominion,Wofford,resolved,4912340,1.0,0.411364,next_season_fallback,2025,Mason,Howard,OL,Wofford,5231049,Landon,Harris,0.588636,,,,
next_season_fallback_census,97333496817fdd37ee8de9fc36af44821a2c699a4caac54d6c103358242735ff,2024,2023-12-04T20:14:00.000Z,Seth,Martin,IOL,Texas Tech,Stephen F. Austin,resolved,4854182,1.0,0.483333,next_season_fallback,2025,Seth,Martin,OL,Stephen F. Austin,5091803,Jared,Manos,0.516667,,,,
next_season_fallback_census,955e5af75a54433c6e6d50059b59d879aa1eac314117fed952a60517079f1ce1,2024,2023-12-12T14:37:00.000Z,Trent,Fraley,IOL,Marshall,North Dakota State,resolved,4880352,1.0,0.6,next_season_fallback,2025,Trent,Fraley,OL,North Dakota State,5297956,Alex,Warden,0.4,,,,
next_season_fallback_census,ed4edce188dbf91367b1717934fe2c74df817506a37320148aff4ccd256dd869,2024,2024-04-16T16:32:00.000Z,MarShawn,Ferguson Jr.,WR,Old Dominion,Hampton,resolved,5121745,1.0,0.453529,next_season_fallback,2025,MarShawn,Ferguson,WR,Hampton,4683136,Tae'Shaun,Johnson,0.546471,,,,
next_season_fallback_census,62556a3d48d7b04c0a62a52c3ab6bf5115d568b29920c3938ff280498e055812,2024,2023-12-04T17:09:00.000Z,Rishad,Hence,CB,Akron,Eastern Kentucky,resolved,4683494,1.0,0.614211,next_season_fallback,2025,Rishad,Hence,DB,Eastern Kentucky,5077898,Aden,Tagaloa-Nelson,0.385789,,,,
next_season_fallback_census,75a4acfcff67f259a428d14fb70b454b053c4f05d3add0fe15d275357c8cdbcc,2024,2024-04-16T15:53:00.000Z,Dominic,Braesch,IOL,Georgia State,North Alabama,resolved,5149151,1.0,0.51,next_season_fallback,2025,Dominic,Braesch,OL,North Alabama,5224283,Jon,Lawrence,0.49,,,,
next_season_fallback_census,c4aac9dde2ee3f5e78a34e42959a6efcb586777df90c0d4b92b19c43285ae2f0,2024,2024-04-16T15:07:00.000Z,Jules,Ney,IOL,Georgia State,Chattanooga,resolved,5224003,1.0,0.545556,next_season_fallback,2025,Jules,Ney,OL,Chattanooga,5223991,Devin,Lively,0.454444,,,,
next_season_fallback_census,a31b92487fa78a34b45b9a322c249e8b83fffac312d31bff81ac56980b7691fd,2024,2024-05-11T01:22:00.000Z,Myron,Warren,DL,Texas State,Incarnate Word,resolved,4428786,1.0,0.62619,next_season_fallback,2025,Myron,Warren,DT,Incarnate Word,4883874,Josh,Gonzalez,0.37381,,,,
next_season_fallback_census,15ca59fa407259dcec30b0b3f9dcfddf741f28713043f5988537ef8c7dde52b5,2024,2024-04-17T18:02:00.000Z,Anthony,Smith,IOL,Iowa State,Tennessee State,resolved,4686440,1.0,0.577885,next_season_fallback,2025,Anthony,Smith,OL,Tennessee State,5298811,Arlington,Williams Jr.,0.422115,,,,
next_season_fallback_census,198d23fa6ebd202164e9b4f31e1a83681044fdd3830917e9b87c82e4a930e5ae,2024,2023-12-01T06:00:00.000Z,CJ,Davis,CB,Marshall,Indiana State,resolved,5163075,1.0,0.52,next_season_fallback,2025,CJ,Davis,DB,Indiana State,5219490,Will,Gavin,0.48,,,,
next_season_fallback_census,1e6dd3dddf4271b9694e7938a57b729acab0eb74afaa3fc1b612a904d1cfc5be,2024,2023-12-03T22:46:00.000Z,Marlon,Jones Jr.,CB,Eastern Washington,Vanderbilt,resolved,4570773,1.0,0.2,next_season_fallback,2025,Marlon,Jones,CB,Vanderbilt,5218651,Thomas,Jones,0.8,,,,
next_season_fallback_census,b6cf535577674646b6aa61ab9cd99238195df59c7b2c55d1178ee39e7b972aa9,2024,2024-04-22T20:30:00.000Z,AJ,Jayroe,WR,Louisiana,Weber State,resolved,4921299,1.0,0.42,next_season_fallback,2025,AJ,Jayroe,WR,Weber State,5229962,Noah,Kjar,0.58,,,,
next_season_fallback_census,c81b32820071a6ae28790785c2c202d2c950a54256bed689b278357691b5c581,2024,2023-12-01T19:59:00.000Z,Everett,Johnson,IOL,California,Montana,resolved,4693855,1.0,0.571678,next_season_fallback,2025,Everett,Johnson,OL,Montana,5225228,Matt,Hilden,0.428322,,,,
next_season_fallback_census,07d65b3afaebd9afd1312662a5d83c9b5a4e913d0bd62925a6c9733cbe059878,2024,2023-12-04T14:44:00.000Z,Brandon,Smith,IOL,Western Michigan,Illinois State,resolved,5085008,1.0,0.592857,next_season_fallback,2025,Brandon,Smith,OL,Illinois State,5147107,Logan,Brasfield,0.407143,,,,
next_season_fallback_census,d8bb3098bfcf2b17be67ebf34a67bc37504b51a745823f694dd97fbb3e5df167,2024,2023-12-06T18:41:00.000Z,Micah,Sumpter,OT,Charlotte,East Tennessee State,resolved,5122007,1.0,0.496154,next_season_fallback,2025,Micah,Sumpter,OL,East Tennessee State,5224033,Mitchell,Dunlap,0.503846,,,,
next_season_fallback_census,afcb6cdce09c3db217fca49bfd89fa6955a7ef0710aa1febfb9b6a1170823f5a,2024,2023-12-04T20:43:00.000Z,Xander,Echols,LS,UAB,Idaho,resolved,4710794,1.0,0.571678,next_season_fallback,2025,Xander,Echols,LS,Idaho,5096958,Dylan,Fischer,0.428322,,,,
next_season_fallback_census,a381005eeabb50657602a261b749b5a3ca4860001a4bf8171e05796291d9d99f,2024,2024-04-15T05:00:00.000Z,Austin,Okerwa,WR,Utah State,Northern Arizona,resolved,4917504,1.0,0.441667,next_season_fallback,2025,Austin,Okerwa,WR,Northern Arizona,5300705,Sir,Stokes,0.558333,,,,
next_season_fallback_census,3440853e00391be5bb1e71d37c572dfac055dd19d73e1f7360b5ef9e5f2981b1,2024,2024-04-18T17:40:00.000Z,Tyrece,Edwards,DL,Middle Tennessee,Murray State,resolved,4567703,1.0,0.416154,next_season_fallback,2025,Tyrece,Edwards,DL,Murray State,5301309,Trei,Dansby,0.583846,,,,
next_season_fallback_census,e7cc4718cb959d6282d54657bf22594567bb9569f9188123d74ac0ff50f9dee8,2024,2024-04-16T18:12:00.000Z,De'Eric,Mister,OT,Minnesota,Howard,resolved,4941005,1.0,0.544286,next_season_fallback,2025,De'Eric,Mister,OL,Howard,5227235,Cameron,Stevenson Jr.,0.455714,,,,
next_season_fallback_census,e5f270fae7c80a9509d3f160426befec734a48157f9c2a83650fe1ded2cc7f33,2024,2023-12-05T15:07:00.000Z,Jeremiah,Frazier,IOL,Troy,Alabama State,resolved,4893970,1.0,0.446429,next_season_fallback,2025,Jeremiah,Frazier,OL,Alabama State,5089043,Elijah,Baker,0.553571,,,,
next_season_fallback_census,e3f0d34c78bae8b33808242960f38cbb92400072e783647d2cf57528a8a6b5ef,2024,2023-10-18T15:11:00.000Z,Kenzel,Lawler,CB,Utah,Montana,resolved,4431221,1.0,0.455,next_season_fallback,2025,Kenzel,Lawler,CB,Montana,5083214,Kade,Cutler,0.545,,,,
next_season_fallback_census,b9fea3874132cb76470032b7293b0a0d31d8a1f3108a55000462c58af5196f1a,2024,2023-12-04T21:12:00.000Z,Jordan,Norwood,LB,Liberty,Incarnate Word,resolved,4816327,1.0,0.626667,next_season_fallback,2025,Jordan,Norwood,LB,Incarnate Word,5083398,Declan,Williams,0.373333,,,,
next_season_fallback_census,1245529d09af60c0b3112d0dd75dd47363d968a260107a183467173429909b5f,2024,2024-04-16T23:23:00.000Z,Prince,Ford,CB,Illinois,Montana,resolved,5154322,1.0,0.515,next_season_fallback,2025,Prince,Ford,CB,Montana,5169295,Kade,Boyd,0.485,,,,
next_season_fallback_census,c793b0655061b4bacceeaeef38fdb991c6b54de2379bcee96bc2a5b3af16e7b2,2024,2024-04-17T14:03:00.000Z,Trenton,VanBoening,OT,Eastern Michigan,Pennsylvania,resolved,5078069,1.0,0.536631,next_season_fallback,2025,Trenton,VanBoening,OL,Pennsylvania,5084419,Jake,Bingham,0.463369,,,,
next_season_fallback_census,5d6aba330ebf5dc2403e3c985904fb6f56b208cf87d17122cb19a1a74657c21e,2024,2024-04-16T14:54:00.000Z,Steven,Jones Jr.,CB,Georgia Tech,Murray State,resolved,5121604,1.0,0.455,next_season_fallback,2025,Steven,Jones,DB,Murray State,5301290,Tate,Collins,0.545,,,,
next_season_fallback_census,196ffdbe461d9fc9a9e125212b907353c98c14c168383d59f8056038f0dee58f,2024,2023-12-04T17:32:00.000Z,Jai'Lun,Hampton,OT,Charlotte,UT Martin,resolved,5151035,1.0,0.403333,next_season_fallback,2025,Jai'Lun,Hampton,OL,UT Martin,4694989,Mitchell,Appleton,0.596667,,,,
next_season_fallback_census,8a8442823b89ca3d0f2394e79ffe5f31a691bf3a9caca7b752c552372d85e485,2024,2023-11-28T16:40:00.000Z,Brock,Winstead,LS,East Carolina,East Tennessee State,resolved,5150763,1.0,0.758333,next_season_fallback,2025,Brock,Winstead,LS,East Tennessee State,5224021,Hayden,Ross,0.241667,,,,
next_season_fallback_census,15ff267db126921cc677508e2f60a8756f2f3cc2535335f03a3cecab01a4b95d,2024,2023-12-04T23:18:00.000Z,Tyrell,Lawrence,IOL,Minnesota,Alabama A&M,resolved,4607938,1.0,0.516667,next_season_fallback,2025,Tyrell,Lawrence,OL,Alabama A&M,5227929,TyQuez,Richardson,0.483333,,,,
next_season_fallback_census,0244cac065b5b051c23d8b4381c24af3ee963532c3ff3bd247ce6199e99cab62,2024,2023-12-04T15:30:00.000Z,Jalen,Nettles,IOL,UAB,Southeast Missouri State,resolved,5151668,1.0,0.476154,next_season_fallback,2025,Jalen,Nettles,OL,Southeast Missouri State,5298675,Chase,O'Neal,0.523846,,,,
next_season_fallback_census,6e12060fd05c9c28040025b08aa149e47feaa67e6f927ee354c7e1c8a8e42b0d,2024,2023-12-04T17:46:00.000Z,Trenton,Kintigh,DL,Old Dominion,Wofford,resolved,5101121,1.0,0.395455,next_season_fallback,2025,Trenton,Kintigh,DL,Wofford,5225645,John,King,0.604545,,,,
next_season_fallback_census,5e05e71c1240160fe7cd9a517d21fe082b92ef7f07c62b4a9c9d2753dddf0488,2024,2023-12-04T12:52:00.000Z,Omari,Allen,IOL,East Carolina,Hampton,resolved,4869547,1.0,0.486364,next_season_fallback,2025,Omari,Allen,OL,Hampton,5299940,Dakari,Bryant,0.513636,,,,
next_season_fallback_census,376e0c5dc06b088edecb2ada293c2488ef3f42542ebe790f7a3d7220c7a8d828,2024,2023-11-30T20:52:00.000Z,Stone,Earle,QB,North Texas,Abilene Christian,resolved,4691272,1.0,0.614103,next_season_fallback,2025,Stone,Earle,QB,Abilene Christian,4610570,Cade,Fennegan,0.385897,,,,
next_season_fallback_census,6ed130a72063be5a8ef2e807355361b2f1e989f7de4a8a4e8450fee13f005c66,2024,2023-12-15T18:59:00.000Z,Rashon,Myles Jr.,LB,Northern Illinois,Abilene Christian,resolved,4879816,1.0,0.53,next_season_fallback,2025,Rashon,Myles Jr.,LB,Abilene Christian,5083555,Darius,Moore,0.47,,,,
next_season_fallback_census,36ba31ad2f96552d012ea2aa49a4f936c2d3615b101dbc959cff1ce32d3c21cb,2024,2024-04-25T21:43:00.000Z,Noah,Gardner,OT,Tulane,Missouri State,resolved,5091826,1.0,0.402448,next_season_fallback,2025,Noah,Gardner,OL,Missouri State,5122064,Matthew,Greene,0.597552,,,,
next_season_fallback_census,29f407785a25bff5905310d332021b8ce2506b453b53cfc6d551255b7051e6f6,2024,2024-04-23T17:23:00.000Z,Cael,Vanderbush,TE,Iowa,Indiana State,resolved,4892984,1.0,0.559524,next_season_fallback,2025,Cael,Vanderbush,TE,Indiana State,4879033,Lance,Rees,0.440476,,,,
next_season_fallback_census,481893efa3ddb1ced94ba31952bf2fb21ef6b535c1830fc24df9a23036044b4b,2024,2023-12-04T16:07:00.000Z,Dorian,Helm,S,Massachusetts,Bryant,resolved,4709694,1.0,0.486667,next_season_fallback,2025,Dorian,Helm,DB,Bryant,5219933,Ryan,Williams,0.513333,,,,
next_season_fallback_census,619bbbd6a9e9866045202ab67a2b642bab60c23932b81f7864a7a0690581cae1,2024,2023-12-04T21:12:00.000Z,Ashtin,Rustemeyer,DL,Arkansas State,Lindenwood,resolved,4826578,1.0,0.554396,next_season_fallback,2025,Ashtin,Rustemeyer,DT,Lindenwood,5165099,Jamison,Kemp,0.445604,,,,
next_season_fallback_census,e584f1e33707670da9c219f878d01220a17664c7d3469619de1142ba14047318,2024,2024-04-16T18:23:00.000Z,Brock,Foster,CB,SMU,Elon,resolved,5160122,1.0,0.486364,next_season_fallback,2025,Brock,Foster,DB,Elon,5224791,Brycen,Scott,0.513636,,,,
next_season_fallback_census,14546f001f123ccfd8247b006a7d11b7997423fc1361207f2a9d1191aa736705,2024,2024-04-30T16:33:00.000Z,Zion,Hopes,S,Louisiana Tech,Stephen F. Austin,resolved,4873240,1.0,0.416154,next_season_fallback,2025,Zion,Hopes,S,Stephen F. Austin,4688769,Devion,Hargrove,0.583846,,,,
next_season_fallback_census,80b6bd39cb271c6183fa1373b63dae4e3ce6a350de6074998b1967a2af67b968,2024,2024-04-30T15:32:00.000Z,Dajon,Harrison,WR,UConn,Utah Tech,resolved,4432236,1.0,0.342614,next_season_fallback,2025,DaJon,Harrison,WR,Utah Tech,5088953,Daniel,Thomason,0.657386,,,,
next_season_fallback_census,0e94c655e17c4c6a25435bf726b151a5bd67ec29a375f29ab0ef28c7f68a2586,2024,2024-04-18T20:53:00.000Z,Armon,Bethea,IOL,Bowling Green,Grambling,resolved,4590299,1.0,0.477273,next_season_fallback,2025,Armon,Bethea,OL,Grambling,5230158,Armond,Owens,0.522727,,,,
next_season_fallback_census,500017ee085c056b1edb184081756586be5f9da44a759926b42f462b94c8b8be,2024,2023-12-04T19:26:00.000Z,Samora,Ezekiel,OT,North Texas,Montana State,resolved,4917368,1.0,0.626224,next_season_fallback,2025,Samora,Ezekiel,OL,Montana State,5093388,Tommy,Nilson,0.373776,,,,
next_season_fallback_census,ff380b11a36910fd1d6dec94872a05f0d8dfc2a2f251243b4a2297492af49b4c,2024,2024-04-23T13:27:00.000Z,Camron,Douglas,DL,Tennessee,Tennessee State,resolved,5081385,1.0,0.520909,next_season_fallback,2025,Camron,Douglas,DL,Tennessee State,5298822,Micah,Williams,0.479091,,,,
next_season_fallback_census,0f61f8890b9720880c4dd85f97f539ac22b934b701cc51baf10a933cd35dd663,2024,2024-04-16T16:23:00.000Z,Vontrell,Chairse,EDGE,Toledo,Southern Illinois,resolved,4612188,1.0,0.528846,next_season_fallback,2025,Vontrell,Chairse,DE,Southern Illinois,5227795,Lukus,McDaniels,0.471154,,,,
next_season_fallback_census,103f88ca2c9949af6c63257f60d9e8e6aa6d1a1dac4b0cfb7b3f848cb8f45636,2024,2024-04-18T15:18:00.000Z,Makhilyn,Young,RB,New Mexico State,Vanderbilt,resolved,4912302,1.0,0.705385,next_season_fallback,2025,Makhilyn,Young,RB,Vanderbilt,4917981,AJ,Newberry,0.294615,,,,
next_season_fallback_census,5e93e1c7906de62a23837185b642a16cdf481bdad21ed7adf331b4957fd94e5c,2024,2024-04-16T21:56:00.000Z,Sam,Hagen,OT,North Dakota,South Dakota State,resolved,4879242,1.0,0.53,next_season_fallback,2025,Sam,Hagen,OL,South Dakota State,5154724,William,Paepke,0.47,,,,
next_season_fallback_census,e74ab74d81087c80f383e540dd9c3265c49ad21feeaacd6c0dc2c5f5a687e5cb,2024,2023-12-11T21:03:00.000Z,Dylan,Rollins,OT,BYU,Montana State,resolved,4709013,1.0,0.50303,next_season_fallback,2025,Dylan,Rollins,OL,Montana State,5224375,Dalton,Noble,0.49697,,,,
next_season_fallback_census,0e1178d70bc385a369ee33d5505297fa5619fdc3d0e00f7a66ec739be723c052,2024,2023-12-04T14:11:00.000Z,Andre,Oben,OT,Purdue,Monmouth,resolved,4832040,1.0,0.46,next_season_fallback,2025,Andre,Oben,OL,Monmouth,5153898,Chris,Moreno,0.54,,,,
next_season_fallback_census,9876299e267af96b80fe93ca748c244ae0feb55cc30f8ffc2defc53fc7cc64ec,2024,2023-12-04T16:17:00.000Z,Carston,Marshall,LB,Iowa State,Youngstown State,resolved,4683116,1.0,0.428095,next_season_fallback,2025,Carston,Marshall,LB,Youngstown State,5227364,Solomon,Farrell,0.571905,,,,
next_season_fallback_census,9538f746a48cb13cde493d6784ccb32e6a12ed36690ee90241985a2bc1c2fd1a,2024,2024-05-01T15:01:00.000Z,Elijah,Philippe,OT,Troy,Florida A&M,resolved,5151539,1.0,0.541608,next_season_fallback,2025,Elijah,Philippe,OL,Florida A&M,5227292,Caleb,Riley,0.458392,,,,
next_season_fallback_census,dfef1c7bb650397312d464fd514f50e6b3259942ad442df887d822f031a83c30,2024,2023-12-29T14:58:00.000Z,Jaxon,Dailey,QB,Arkansas State,Northern Iowa,resolved,4826635,1.0,0.53,next_season_fallback,2025,Jaxon,Dailey,QB,Northern Iowa,4878833,Aidan,Dunne,0.47,,,,
next_season_fallback_census,644e7b4c0fcc30f8680668b2adc72c7cb482f1128a285edd314893331a059bb1,2024,2024-04-16T15:05:00.000Z,Gerard,Edimo,TE,South Florida,Stephen F. Austin,resolved,5125535,1.0,0.520909,next_season_fallback,2025,Gerard,Edimo,TE,Stephen F. Austin,4691101,Lavar,Lindo,0.479091,,,,
next_season_fallback_census,964758fc4fe7f7e3a4dd51b5102bc4a8ef7250b33a68bd95286e88a7264974b6,2024,2024-04-19T21:31:00.000Z,BJ,Lowery Jr.,CB,Old Dominion,Sacred Heart,resolved,5225679,1.0,0.475,next_season_fallback,2025,BJ,Lowery,DB,Sacred Heart,5087097,Jahqir,Haley,0.525,,,,
next_season_fallback_census,f3588ff767cf2a4f40ef3dee339d1daa93e0642d754674b87109d306dea88e1c,2024,2023-12-04T20:15:00.000Z,Rambo,Mageo,IOL,San Diego State,Utah Tech,resolved,4910712,1.0,0.53,next_season_fallback,2025,Rambo,Mageo,OL,Utah Tech,5224584,Jacob,Zarate,0.47,,,,
next_season_fallback_census,5ea9a0acca71efa543420ec4072b32b637e091198868ea18ce81dbd6e381d58b,2024,2023-12-04T20:47:00.000Z,James,Edwards,CB,App State,Tennessee Tech,resolved,4869128,1.0,0.364286,next_season_fallback,2025,James,Edwards,DB,Tennessee Tech,4917139,Jameson,Wharton,0.635714,,,,
next_season_fallback_census,7caeb9b1c8d306e6960e19ab51d4bce49ac3308ace01cf724992e9332c9a5131,2024,2023-12-04T14:20:00.000Z,Bryson,Summers,IOL,Coastal Carolina,Sacramento State,resolved,5157280,1.0,0.390385,next_season_fallback,2025,Bryson,Summers,OL,Sacramento State,5083543,Brandon,Sousa,0.609615,,,,
next_season_fallback_census,967484092bc756c569a9ad1d672a4d89c3d5ef255e56d6ce4a5eae78f7b4ab95,2024,2023-12-04T15:12:00.000Z,Cameron,Dye,OT,Georgia State,Southern Illinois,resolved,4714289,1.0,0.505556,next_season_fallback,2025,Cameron,Dye,OT,Southern Illinois,5154778,Ostyn,Friday,0.494444,,,,
same_season_sample,5339c649038faffc07bdf31d8581991eeed9849bfa83524f64d479dfc4eaf527,2024,2023-11-30T21:02:00.000Z,Ramon,Henderson,S,Notre Dame,UCLA,resolved,4432246,1.0,0.395,same_season,2024,Ramon,Henderson,DB,UCLA,4373812,Bryan,Addison,0.605,,,,
same_season_sample,a01ddb09a4495a817fe758fba08fc7844df26501f3ac074a31cb84818af55a88,2024,2024-04-27T21:38:00.000Z,Denver,Warren,DL,New Mexico State,Sam Houston,resolved,4875398,1.0,0.516667,same_season,2024,Denver,Warren,DL,Sam Houston,5104152,Jayden,Gaines,0.483333,,,,
same_season_sample,3f783f67feee7b478535c0ae03ceb05546cf1636ece24ebe5aa68e599bd6030e,2024,2023-12-05T22:52:00.000Z,Corey,Thornton,CB,UCF,Louisville,resolved,4431426,1.0,0.498291,same_season,2024,Corey,Thornton,DB,Louisville,4812358,D'Angelo,Hutchinson,0.501709,,,,
same_season_sample,f60648a044d92ecaa020f0c944b494c416b0ceba2a87da4ffb9b8251b45cf9ef,2024,2023-11-27T22:28:00.000Z,Ryan,Raybuck,S,Saint Anselm,Western Michigan,resolved,4885090,1.0,0.539286,same_season,2024,Ryan,Raybuck,S,Western Michigan,4427368,Tate,Hallock,0.460714,,,,
same_season_sample,cdab691212940900dc47b75c4487033d72d37d5e9ea4e830ce09ed57a05dd5fe,2024,2023-11-28T16:52:00.000Z,Vincent,Murphy,IOL,Western Kentucky,Tulane,resolved,4430224,1.0,0.592017,same_season,2024,Vincent,Murphy,OL,Tulane,5193655,Tristen,Fortenberry,0.407983,,,,
same_season_sample,614528bea997e339d384498d539393a1bd3ca66b7f1360b400eb8bc0968df8df,2024,2023-12-05T14:29:00.000Z,Kendre,Gant,LB,Louisiana,Houston,resolved,4427247,1.0,0.410909,same_season,2024,Kendre,Gant,LB,Houston,4687326,Jalen,Garner,0.589091,,,,
same_season_sample,e6eacb97e08f874fb4f4aaeaff0bc4b702934c799be7d92ff74d85dcc94244da,2024,2024-04-18T14:46:00.000Z,Gabe,Kirschke,DL,Wisconsin,Colorado State,resolved,5089193,1.0,0.441667,same_season,2024,Gabe,Kirschke,DL,Colorado State,4566090,James,Mitchell,0.558333,,,,
same_season_sample,f71a73e3dbf3b19083002c0ba6a3b5fcf2cf18f1bddb4981134ed7d7d88a3fd2,2024,2024-04-23T19:35:00.000Z,Colton,Hood,CB,Auburn,Colorado,resolved,4921249,1.0,0.344872,same_season,2024,Colton,Hood,DB,Colorado,5081718,Preston,Hodge,0.655128,,,,
same_season_sample,8729c576470aab2cf89c1f9eb65a461650351c0204f910c71368a34c8457d6c8,2024,2024-05-05T13:55:00.000Z,Artis,Cole,WR,Fresno State,UL Monroe,resolved,5151406,1.0,0.455556,same_season,2024,Artis,Cole,WR,UL Monroe,5158126,Tristan,Wiley,0.544444,,,,
same_season_sample,8eaffe7ecaca95469f6ebad81bf091361090502eeb0a0daf30ad382c81353c61,2024,2023-12-04T22:58:00.000Z,Febechi,Nwaiwu,IOL,North Texas,Oklahoma,resolved,4880873,1.0,0.612121,same_season,2024,Febechi,Nwaiwu,OL,Oklahoma,5146844,Josh,Aisosa,0.387879,,,,
same_season_sample,c5f73699988466a8ce4fcb70d1a8d1446e296bd0ab60a43fd228c2393be710c7,2024,2023-12-04T15:29:00.000Z,Drake,Dabney,TE,Baylor,TCU,resolved,4429466,1.0,0.595055,same_season,2024,Drake,Dabney,TE,TCU,4918419,Lafayette,Kaiuway,0.404945,,,,
same_season_sample,7977a012bf50bae2eb0fffc6572e3d648fa8a8511b2cf91d5d4383aae1436596,2024,2023-12-22T00:13:00.000Z,Ja'Koby,Banks,WR,Houston,Memphis,resolved,4899470,1.0,0.411818,same_season,2024,Ja'Koby,Banks,WR,Memphis,4687507,Koby,Drake,0.588182,,,,
same_season_sample,402575c78fce3051d58a7b634081134b94eb713fdb9afbcc8fd4d77580a8386e,2024,2023-12-29T19:32:00.000Z,Will,Kacmarek,TE,Ohio,Ohio State,resolved,4880236,1.0,0.643333,same_season,2024,Will,Kacmarek,TE,Ohio State,4871039,Jelani,Thurman,0.356667,,,,
same_season_sample,e1258e92caf45cb85d219d2090a6673459c00537955992819dc3491aa0a8e1a6,2024,2023-12-05T00:06:00.000Z,Zavier,Short,WR,South Carolina,App State,resolved,4869733,1.0,0.440476,same_season,2024,Zavier,Short,WR,App State,4567596,Christan,Horn,0.559524,,,,
same_season_sample,3d8baf213590aaeddad9ff548d2f5fe1487a6bb99a451206e17793f18cc93745,2024,2023-12-01T15:26:00.000Z,JJ,Jenkins,WR,Columbia,Buffalo,resolved,4571114,1.0,0.475714,same_season,2024,JJ,Jenkins,WR,Buffalo,5193059,Jeremiah,Watkins,0.524286,,,,
same_season_sample,b88a7038cafa4b7bad02b2151fcf42c7ae45c3bc8d02d55dda933e30460fd7a6,2024,2024-04-16T13:54:00.000Z,Donald,Lee,CB,Grambling,UAB,resolved,4888138,1.0,0.3,same_season,2024,Donald,Lee,CB,UAB,4924146,Ricky,Lee,0.7,,,,
same_season_sample,f779bb8d051d5c4563bebf79561667c1b48c9bdad2a6944e2fab4a7799f0ec3c,2024,2024-01-07T06:00:00.000Z,LaMareon,James,CB,Old Dominion,TCU,resolved,4430010,1.0,0.511538,same_season,2024,LaMareon,James,CB,TCU,5153732,Jevon,McIver Jr.,0.488462,,,,
same_season_sample,29e8897184ecac96adf3e268705ee149e5cb7a44ca421bed0547ef841d823da4,2024,2023-12-05T06:00:00.000Z,Justice,Jackson,RB,Eastern Washington,Idaho State,resolved,4695176,1.0,0.619872,same_season,2024,Justice,Jackson,RB,Idaho State,5082184,Hunter,Roddy,0.380128,,,,
same_season_sample,452d4a0d1313da40a3e43ceedcfd3cf4d76c33e01599b3d249231bc94bcb72a2,2024,2024-01-02T06:00:00.000Z,Kobe,Singleton,CB,Liberty,Oregon State,resolved,4876328,1.0,0.52451,same_season,2024,Kobe,Singleton,DB,Oregon State,4374032,Jaden,Robinson,0.47549,,,,
same_season_sample,3a007b2d2dcf9e1517cb42dff941abefa4618a998332b23e1e3e0f0a92cf5a6d,2024,2023-12-01T23:57:00.000Z,Jawarn,Howell,RB,South Carolina State,South Carolina,resolved,5159232,1.0,0.397143,same_season,2024,Jawarn,Howell,RB,South Carolina,4880608,Juju,McDowell,0.602857,,,,
same_season_sample,e01077fb7ccb663d7aeba50f51543323cb5e0084c71d7d7ccadb195436d002a1,2025,2024-12-19T23:18:00.000Z,Brady,Wilson,IOL,UAB,Virginia,resolved,4576153,1.0,0.45,same_season,2025,Brady,Wilson,OL,Virginia,5150893,Andy,Lutes,0.55,,,,
same_season_sample,38ab7159ca4894fdbe2e2f64dc1274307ad7993b8b5dd6272abd180ef2be9e61,2025,2024-12-13T14:17:00.000Z,Donaven,McCulley,WR,Indiana,Michigan,resolved,4596347,1.0,0.537692,same_season,2025,Donaven,McCulley,WR,Michigan,4878686,Peyton,O'Leary,0.462308,,,,
same_season_sample,fa638fba6452c0064a0da5493a10d66d1753bc84e71fd159c1249a8ba724106c,2025,2025-04-24T17:45:00.000Z,Richie,Munoz,QB,Incarnate Word,Tennessee Tech,resolved,5153685,1.0,0.63,same_season,2025,Richie,Munoz,QB,Tennessee Tech,4877211,Jace,Wilson,0.37,,,,
same_season_sample,6201fd3940ada50b2d4f58d218963e583ab3f8c04dfe7424ec0a9d26811599ad,2025,2024-12-21T16:55:00.000Z,Kanye,Udoh,RB,Army,Arizona State,resolved,5150313,1.0,0.53,same_season,2025,Kanye,Udoh,RB,Arizona State,5257046,Grayson,Rigdon,0.47,,,,
same_season_sample,f02b6da524e3b7971a1039e5e6dce350fe9669517e1a9b81ba1eaae25a091a37,2025,2024-12-31T18:45:00.000Z,Charles,Ross,WR,USC,Purdue,resolved,4569086,1.0,0.544286,same_season,2025,Charles,Ross,WR,Purdue,5146739,Tra'Mar,Harris,0.455714,,,,
same_season_sample,8067fd7e465105d7478f4096de05bbfe0eff26777b5a71edb1b9cd65610dd5a2,2025,2025-04-22T22:04:00.000Z,Donnie,Gray,WR,Northwestern,Massachusetts,resolved,4594447,1.0,0.53,same_season,2025,Donnie,Gray,WR,Massachusetts,5149599,Kenyon,Massey,0.47,,,,
same_season_sample,db3695be6ca8bc5263e70350ebdd62f37345b1fa9b93b6a5fbef51d5818fe385,2025,2024-12-16T23:44:00.000Z,Ethan,Stuhlsatz,LB,Lindenwood,Wyoming,resolved,5165071,1.0,0.571429,same_season,2025,Ethan,Stuhlsatz,LB,Wyoming,4694700,Evan,Eller,0.428571,,,,
same_season_sample,f731e3edeaeb90d6d38399bd7c118b4d12866f97c9002079a731d5907349cd10,2025,2025-04-17T01:43:00.000Z,Justin,Cayenne,TE,Pennsylvania,Florida International,resolved,4878277,1.0,0.433333,same_season,2025,Justin,Cayenne,TE,Florida International,5082370,Dallas,Payne,0.566667,,,,
same_season_sample,1f3535e11209216a2bd50118c35a9639b84a94d006c5f443d035b596c735db52,2025,2025-02-05T06:00:00.000Z,Andrew,Wilson-Lamp,CB,East Carolina,Toledo,resolved,4603086,1.0,0.427778,same_season,2025,Andrew,Wilson-Lamp,CB,Toledo,5295444,Andrew,Fineske,0.572222,,,,
same_season_sample,ba45f2a430e7f0aaa6443a963d59a8e22cda9a77dea8a0b37679fe9505351c9e,2025,2025-04-28T21:09:00.000Z,Chris,Domercant,WR,Chattanooga,UCF,resolved,5088159,1.0,0.5175,same_season,2025,Chris,Domercant,WR,UCF,5079386,Ric'Darious,Farmer,0.4825,,,,
same_season_sample,39d091d6cf7164922b2ddefdc84a01419498275258de7880a38fb28897eedf1d,2025,2025-01-11T21:40:00.000Z,Pierre,Kemeni Jr.,CB,New Mexico,Ohio,resolved,4606174,1.0,0.55974,same_season,2025,Pierre,Kemeni Jr.,DB,Ohio,5092260,Jalen,Thomeson,0.44026,,,,
same_season_sample,a4141a8d742a0d0914315204cf012a5110275c3b75deabac31e659d582f568cb,2025,2025-05-13T23:38:48.000Z,Nadame,Tucker,EDGE,Houston,Western Michigan,resolved,5081483,1.0,0.411538,same_season,2025,Nadame,Tucker,DE,Western Michigan,5193293,Jordan,Buckley,0.588462,,,,
same_season_sample,a07101b94e07a407496039dc1fe08d227d2f52a67bddafa25af5ee5267df09c3,2025,2024-11-20T20:47:00.000Z,Keshawn,Lyons,CB,McKendree,Northern Illinois,resolved,5223607,1.0,0.537692,same_season,2025,Keshawn,Lyons,CB,Northern Illinois,5236365,Andruw,Ellis,0.462308,,,,
same_season_sample,e8c2c085300afa7c7ed0d42e917cc0b2804978df3b14a6ca6a20f9b3f061b29f,2025,2025-04-19T16:05:00.000Z,Ricky,Fletcher,CB,South Alabama,Ole Miss,resolved,4869387,1.0,0.43,same_season,2025,Ricky,Fletcher,DB,Ole Miss,5218770,Cedrick,Beavers,0.57,,,,
same_season_sample,a81c1a6e6ee2964dcd8b769019a3b0556db2de5718149a3ca188e447d8e1a72a,2025,2024-12-17T21:43:00.000Z,Elijah,Tau-Tolliver,RB,Sacramento State,Michigan State,resolved,4876311,1.0,0.498291,same_season,2025,Elijah,Tau-Tolliver,RB,Michigan State,5150125,Brandon,Tullis,0.501709,,,,
same_season_sample,30d6c11f4c655a110759218c746ce8bf7523abdd147bab64511e24323772989c,2025,2025-01-28T23:04:00.000Z,Demick,Starling,WR,Western Kentucky,Utah State,resolved,4613165,1.0,0.560769,same_season,2025,Demick,Starling,WR,Utah State,5297057,Cade,Baker,0.439231,,,,
same_season_sample,0106c39274b572a44bce49cc49041c133ebb8d8d4838b2114dcefb7a8fb54f5c,2025,2024-12-18T15:15:00.000Z,J'Mari,Taylor,RB,North Carolina Central,Virginia,resolved,4713118,1.0,0.446429,same_season,2025,J'Mari,Taylor,RB,Virginia,4576294,Harrison,Waylee,0.553571,,,,
same_season_sample,304e0df32ecff9af0bb0d050bb546019acf16d301430515141c45e4c7ae9200d,2025,2025-01-09T17:33:00.000Z,Christian,Ellis,S,New Mexico,Virginia Tech,resolved,4837327,1.0,0.299774,same_season,2025,Christian,Ellis,S,Virginia Tech,4954511,Krystian,Williams,0.700226,,,,
same_season_sample,f67e20e923748d0c6f78d443f534ef3efcee6e2775583ed8436713d13609fa1b,2025,2024-12-20T17:19:00.000Z,Sione,Fotu,LB,Utah,Houston,resolved,4429771,1.0,0.542308,same_season,2025,Sione,Fotu,LB,Houston,5212242,Richmond,Ugochukwu,0.457692,,,,
same_season_sample,f067f82d388709ded1f6eb158634e79f6974bebbcf880e7259eefa513ae4cf61,2025,2025-01-20T19:52:00.000Z,Jack,Clougherty,QB,South Dakota,Marshall,resolved,5155044,1.0,0.434286,same_season,2025,Jack,Clougherty,QB,Marshall,5126472,JacQai,Long,0.565714,,,,
same_season_sample,4a6ae7f8d55738f3aacb428931f5eb4e6dec4600a76e37c772944e5bef67b653,2026,2026-01-04T23:19:00.000Z,Jerrick,Gibson,RB,Texas,Purdue,resolved,5079410,1.0,0.520455,same_season,2026,Jerrick,Gibson,RB,Purdue,5218961,Fame,Ijeboi,0.479545,,,,
same_season_sample,2f48e16e5897a2d41a78a5a4429a56fa8429eacf9519e3143707b88015ca0842,2026,2026-01-07T19:24:00.000Z,Jaden,Hamm,TE,Kansas,Arkansas State,resolved,4870742,1.0,0.53,same_season,2026,Jaden,Hamm,TE,Arkansas State,5294520,Coleman,Parmer,0.47,,,,
same_season_sample,c4385a8d8d02fb7a52afceb07bbbdda7185e0bfecffc493793c29086b371cc9c,2026,2026-01-09T21:23:00.000Z,Vaughn,Blue,RB,Liberty,Central Michigan,resolved,5122147,1.0,0.580769,same_season,2026,Vaughn,Blue,RB,Central Michigan,5157391,Jayden,Clerveaux,0.419231,,,,
same_season_sample,69eef4c61ff7d15b086c9c1868c4d85a3300ff8479a07f96e68eb4d4462372f4,2026,2026-01-11T19:04:00.000Z,Spencer,Webb,IOL,Eastern Michigan,Florida International,resolved,5153955,1.0,0.6125,same_season,2026,Spencer,Webb,OL,Florida International,5230755,Akeem,Neal,0.3875,,,,
same_season_sample,4ebfdca491fe258f08cade4500fc3b39beca5ed4d191ea5e4a6473fbaa96432d,2026,2026-01-09T18:34:00.000Z,Brian,Beidatsch Jr.,OT,Duquesne,Miami (OH),resolved,5087142,1.0,0.480952,same_season,2026,Brian,Beidatsch,OL,Miami (OH),4875311,Eric,Smith,0.519048,,,,
same_season_sample,76e90f26efc5c796af64262b9579175fa6368f059ea561b3debc9ebd90e5b1f1,2026,2026-01-03T20:40:00.000Z,Gavin,Marks,IOL,Mercer,Tulane,resolved,5212660,1.0,0.37,same_season,2026,Gavin,Marks,OL,Tulane,5273798,Aiden,Martin,0.63,,,,
same_season_sample,5403260fe0fabd36a581792d30351cf24b45ba2a2475056386c4b134723d0c8b,2026,2026-01-09T16:55:00.000Z,Jake,Furtney,TE,Illinois,Ohio,resolved,5221306,1.0,0.547436,same_season,2026,Jake,Furtney,TE,Ohio,5228772,Aiden,Lowery,0.452564,,,,
same_season_sample,2cbe588b1719fc6f4a0e5ccb0c135b06db7cc1ee7343f36a4fd98888e5bd145c,2026,2026-01-11T18:50:09.000Z,Daniel,Cobbs,S,Kansas State,Baylor,resolved,5151076,1.0,0.505556,same_season,2026,Daniel,Cobbs,S,Baylor,4877626,Reggie,Bush II,0.494444,,,,
same_season_sample,f7fb3d44336f507ad799f0f7738a696f8e1d4c9e83acd58a930b66c3282df1c4,2026,2026-01-04T23:34:00.000Z,Richie,Anderson,TE,Fresno State,Texas A&M,resolved,5078160,1.0,0.426471,same_season,2026,Richie,Anderson,TE,Texas A&M,5141358,Kiotti,Armstrong,0.573529,,,,
same_season_sample,94c4bfbc17404363f1be46a0f69daf731e0615f0257e1bd462177384938dd6ed,2026,2026-01-21T06:00:00.000Z,Sean,Dugery,IOL,Memphis,UL Monroe,resolved,5156971,1.0,0.403571,same_season,2026,Sean,Dugery,OL,UL Monroe,5220441,Ben,Gehrke,0.596429,,,,
same_season_sample,5a78f42f038431497e0e0f2fcae0053c974e4ef79fd83c5b118b4240e219e03d,2026,2026-01-05T22:43:00.000Z,Michael,Short,LB,Virginia Tech,TCU,resolved,5077204,1.0,0.35,same_season,2026,Michael,Short,LB,TCU,5154286,Michael,Teason Jr.,0.65,,,,
same_season_sample,9bd8746b51e8d7d7f09c69d8716b7ac36f223eba63d61c1285646e7a54632f37,2026,2026-01-06T16:34:00.000Z,Jusiah,Sampleton,DL,CSU-Pueblo,UTSA,resolved,5394650,1.0,0.458571,same_season,2026,Jusiah,Sampleton,DL,UTSA,5086109,Jeremiah,Bailey,0.541429,,,,
same_season_sample,c6bf04e5a88eca0aa33248103003eb7b391ea11f073da1c5301ccf583531f518,2026,2026-01-06T03:37:00.000Z,Colin,Amick,OT,Montana,Iowa State,resolved,5225230,1.0,0.575455,same_season,2026,Colin,Amick,OL,Iowa State,5224518,Braden,Smith,0.424545,,,,
same_season_sample,b3b5552c02c5eed9117cc273331daf50841b8a98c01ad9546c62f9bd401ee02f,2026,2026-01-09T00:52:00.000Z,Caleb,Brown,CB,Virginia Tech,Hawai'i,resolved,4775257,1.0,0.540909,same_season,2026,Caleb,Brown,DB,Hawai'i,5150131,Jaylon,Edmond,0.459091,,,,
same_season_sample,39c77386042e5c4545971d016cd74eb70b61dbaa2435f3880a15540245cf6363,2026,2026-01-05T02:23:00.000Z,A'mon,Lane-Ganus,CB,Auburn,South Florida,resolved,5219024,1.0,0.51,same_season,2026,A'mon,Lane-Ganus,S,South Florida,5158980,Amari,Jones,0.49,,,,
same_season_sample,388b97fe87c254a1bff83317eead4da775a9186ad9aa1519abc28de81e370705,2026,2026-01-09T15:21:00.000Z,Matyus,McLain,EDGE,Idaho,Washington State,resolved,5165156,1.0,0.611497,same_season,2026,Matyus,McLain,DE,Washington State,5296468,Barry,Morrissette,0.388503,,,,
same_season_sample,0e66f03ad4a616f30b894260f63055761827708795d029776e8aaf9cadc44637,2026,2026-01-09T02:42:15.000Z,John Henry,Daley,EDGE,Utah,Michigan,resolved,5160962,1.0,0.555,same_season,2026,John Henry,Daley,DE,Michigan,5209346,Mchale,Blade,0.445,,,,
same_season_sample,99794d0da975fdec03e5a68bcb771b9ab017b6b56f66679caed9eced144ecee7,2026,2026-01-12T16:38:22.000Z,Adonis,McDaniel,WR,Mercer,Oregon State,resolved,5300309,1.0,0.521978,same_season,2026,Adonis,McDaniel,WR,Oregon State,5126526,Malachi,Durant,0.478022,,,,
same_season_sample,0784db7d99c4db9e896d97f0199fb91086a178455909c5577914b26813b97bfb,2026,2026-01-09T23:38:00.000Z,Luke,Douglas,TE,Florida State,App State,resolved,5218246,1.0,0.6,same_season,2026,Luke,Douglas,TE,App State,5209334,Jamel,Howse,0.4,,,,
same_season_sample,96f5495785471e0d464240095b5ccaacf674d9b8bd7b4ed5a8517d54b3df22e3,2026,2026-01-16T02:23:00.000Z,Samu,Taumanupepe,DL,Baylor,Colorado,resolved,4950555,1.0,0.436667,same_season,2026,Samu,Taumanupepe,DL,Colorado,5282589,Josiah,Manu,0.563333,,,,
